n,mean_burst,std_burst,mean_arrival,std_arrival,mean_priority,std_priority,max_burst,min_burst,max_arrival,min_arrival,label
4,4.5,1.118033988749895,2.5,1.8027756377319946,3.25,1.299038105676658,6,3,5,0,SJF
7,4.428571428571429,2.2587697572631282,3.0,1.7728105208558367,4.0,1.0690449676496976,9,1,5,0,SJF
7,5.428571428571429,1.9897697538834456,2.2857142857142856,1.905952009160905,3.142857142857143,1.4568627181693672,8,3,5,0,SJF
4,3.0,2.345207879911715,1.25,1.0897247358851685,1.75,0.4330127018922193,7,1,3,0,RR
7,4.571428571428571,1.3997084244475304,2.857142857142857,0.9897433186107869,1.8571428571428572,0.6388765649999399,6,2,4,1,SJF
5,4.4,3.0724582991474434,1.2,1.4696938456699067,3.8,1.469693845669907,9,1,4,0,SJF
7,6.714285714285714,2.813959371941744,2.2857142857142856,1.6659862556700857,3.0,1.3093073414159542,10,3,5,0,SJF
6,5.833333333333333,3.131382371342656,3.1666666666666665,1.674979270186815,3.1666666666666665,1.6749792701868151,10,2,5,1,SJF
8,5.25,3.191786333700926,2.75,1.3919410907075054,3.25,1.479019945774904,9,1,5,1,SJF
6,5.5,1.8929694486000912,1.5,1.2583057392117916,3.3333333333333335,1.699673171197595,8,2,4,0,SJF
8,5.5,2.6457513110645907,2.5,1.7320508075688772,3.25,1.479019945774904,9,1,5,0,SJF
4,5.0,2.449489742783178,2.5,1.118033988749895,2.75,1.0897247358851685,9,3,4,1,SJF
5,5.6,3.2,3.2,1.32664991614216,3.0,1.7888543819998317,10,2,5,1,SJF
5,2.8,1.469693845669907,1.2,1.1661903789690602,3.8,1.6,5,1,3,0,SJF
4,3.5,1.6583123951777,4.5,0.5,2.5,0.8660254037844386,5,1,5,4,SJF
3,5.0,3.265986323710904,3.3333333333333335,0.4714045207910317,5.0,0.0,9,1,4,3,SJF
3,8.0,2.160246899469287,1.0,1.4142135623730951,4.0,1.4142135623730951,10,5,3,0,SJF
5,7.2,1.7204650534085253,2.2,1.7204650534085253,3.4,1.3564659966250536,9,4,5,0,SJF
4,6.25,1.479019945774904,3.25,1.0897247358851685,3.25,1.299038105676658,8,4,5,2,SJF
8,6.625,2.117634293262177,2.75,1.299038105676658,2.5,0.7071067811865476,9,3,5,1,SJF
6,6.833333333333333,3.8477987935383986,3.1666666666666665,0.6871842709362768,2.3333333333333335,1.5986105077709065,10,1,4,2,SJF
6,4.333333333333333,1.4907119849998596,3.1666666666666665,1.3437096247164249,3.1666666666666665,1.674979270186815,6,2,5,1,SJF
7,4.142857142857143,2.6954231805876008,3.0,1.6903085094570331,3.2857142857142856,1.577908716741037,9,1,5,0,SJF
3,3.3333333333333335,2.0548046676563256,2.0,1.4142135623730951,4.666666666666667,0.4714045207910317,6,1,4,1,SJF
5,3.8,1.32664991614216,3.4,1.8547236990991407,3.6,1.3564659966250538,6,2,5,0,SJF
7,4.428571428571429,2.381904571504724,2.4285714285714284,1.6781914463529615,4.0,0.7559289460184544,9,2,4,0,SJF
6,7.166666666666667,3.7155828016013257,2.1666666666666665,1.9507833184532708,2.5,1.5,10,1,5,0,SJF
8,5.875,3.0998991919093113,1.875,1.6909686573085854,1.75,0.6614378277661477,10,1,5,0,SJF
7,7.714285714285714,2.4327694808466287,3.7142857142857144,1.0301575072754257,2.5714285714285716,1.5907898179514348,10,4,5,2,SJF
6,6.0,2.0,4.5,0.7637626158259734,3.1666666666666665,1.6749792701868151,10,4,5,3,SJF
5,5.6,2.5768197453450252,2.4,1.3564659966250536,3.4,1.019803902718557,9,2,4,0,SJF
3,4.666666666666667,2.8674417556808756,1.6666666666666667,2.357022603955158,2.3333333333333335,0.9428090415820634,8,1,5,0,SJF
7,5.571428571428571,2.4411439272335804,2.2857142857142856,1.2777531299998799,3.5714285714285716,1.178030178747903,8,1,4,1,SJF
3,7.666666666666667,2.6246692913372702,4.333333333333333,0.4714045207910317,2.3333333333333335,1.247219128924647,10,4,5,4,FCFS
7,6.285714285714286,2.962348764761103,2.7142857142857144,1.665986255670086,2.857142857142857,1.4568627181693672,10,2,5,0,SJF
8,5.5,3.122498999199199,1.75,0.82915619758885,2.75,1.6393596310755,10,1,3,1,SJF
6,6.333333333333333,0.9428090415820634,3.0,1.8257418583505538,3.0,1.0,8,5,5,0,SJF
4,5.25,2.8613807855648994,1.5,1.6583123951777,4.5,0.8660254037844386,9,1,4,0,SJF
6,5.5,1.8929694486000912,1.8333333333333333,0.8975274678557508,2.8333333333333335,1.4624940645653537,9,3,3,1,SJF
8,7.25,2.6339134382131846,1.875,1.899835519196333,4.375,0.4841229182759271,10,1,4,0,SJF
5,7.4,1.8547236990991407,1.8,1.1661903789690602,2.6,0.4898979485566356,10,5,3,0,SJF
8,5.0,2.345207879911715,1.875,1.5360257159305635,3.125,1.165922381636102,9,2,5,0,SJF
6,6.333333333333333,2.9249881291307074,3.3333333333333335,1.247219128924647,3.6666666666666665,1.3743685418725535,9,1,5,2,SJF
5,4.2,2.1354156504062622,2.4,0.8,2.8,1.16619037896906,8,2,3,1,SJF
4,3.75,2.165063509461097,3.0,1.7320508075688772,2.0,0.0,7,1,4,0,SJF
3,1.3333333333333333,0.4714045207910317,3.0,0.816496580927726,2.0,0.0,2,1,4,2,FCFS
5,3.6,3.32264954516723,2.6,1.2,3.6,1.019803902718557,10,1,4,1,RR
4,7.0,1.8708286933869707,2.0,1.224744871391589,3.5,1.118033988749895,9,4,4,1,SJF
4,6.5,2.5,2.75,1.479019945774904,2.75,1.479019945774904,10,3,5,1,SJF
7,5.0,3.5050983275386565,3.142857142857143,1.2453996981544782,2.2857142857142856,1.2777531299998797,9,1,5,1,SJF
5,6.0,2.6076809620810595,2.4,1.019803902718557,3.4,1.019803902718557,10,3,4,1,SJF
5,5.4,2.4166091947189146,2.8,2.0396078054371136,3.6,1.3564659966250536,8,1,5,0,SJF
7,3.0,1.927248223318863,1.1428571428571428,1.355261854357877,3.7142857142857144,1.2777531299998797,6,1,4,0,SJF
8,5.875,2.6190408549696205,2.75,1.8540496217739157,3.625,1.5761900266148114,9,1,5,0,SJF
4,2.0,0.7071067811865476,2.5,2.0615528128088303,2.5,1.118033988749895,3,1,5,0,FCFS
6,5.666666666666667,2.1343747458109497,3.5,1.5,2.3333333333333335,1.3743685418725535,7,1,5,1,SJF
7,4.428571428571429,3.2888184094918107,2.142857142857143,2.0995626366712954,3.2857142857142856,1.5779087167410373,10,1,5,0,SJF
7,6.0,3.3380918415851206,2.2857142857142856,1.3850513878332367,2.857142857142857,1.4568627181693672,10,2,5,0,SJF
4,5.25,1.6393596310755,3.5,1.118033988749895,3.0,1.4142135623730951,8,4,5,2,SJF
4,6.0,3.5355339059327378,1.75,1.299038105676658,2.25,1.6393596310755,10,2,3,0,SJF
7,7.0,2.138089935299395,2.5714285714285716,1.4982983545287878,2.4285714285714284,1.3997084244475302,9,4,5,1,SJF
6,4.666666666666667,2.6874192494328497,1.8333333333333333,1.6749792701868151,3.3333333333333335,1.3743685418725535,10,1,4,0,SJF
8,5.5,2.6457513110645907,2.25,1.1989578808281798,3.0,1.6583123951777,8,1,5,1,SJF
8,3.875,2.368411915187052,1.875,1.3635890143294642,2.625,1.653594569415369,9,1,5,0,SJF
3,6.333333333333333,2.6246692913372702,3.3333333333333335,0.9428090415820634,3.6666666666666665,1.247219128924647,10,4,4,2,FCFS
6,5.666666666666667,2.6874192494328497,2.5,1.707825127659933,2.8333333333333335,1.4624940645653537,10,2,5,0,SJF
6,7.166666666666667,2.6087459737497545,1.1666666666666667,1.0671873729054748,1.5,0.7637626158259734,10,2,3,0,SJF
6,5.166666666666667,3.2360813064912666,2.5,1.5,3.0,1.1547005383792515,9,1,5,0,SJF
4,7.25,2.384848003542364,2.25,1.479019945774904,3.5,1.118033988749895,10,4,4,0,SJF
4,7.25,3.031088913245535,2.0,1.5811388300841898,3.0,1.224744871391589,9,2,4,0,SJF
3,4.333333333333333,3.39934634239519,1.6666666666666667,0.4714045207910317,2.3333333333333335,1.247219128924647,9,1,2,1,RR
7,5.285714285714286,2.813959371941744,2.7142857142857144,1.6659862556700857,3.4285714285714284,1.2936264483053452,10,1,5,0,SJF
7,6.285714285714286,1.577908716741037,2.0,1.4142135623730951,2.857142857142857,1.2453996981544782,9,5,4,0,SJF
3,5.333333333333333,2.357022603955158,1.6666666666666667,0.4714045207910317,4.0,1.4142135623730951,7,2,2,1,FCFS
7,5.571428571428571,2.969229955832361,2.2857142857142856,1.1605769149479943,3.2857142857142856,1.1605769149479943,9,2,4,1,SJF
3,6.666666666666667,3.39934634239519,1.0,1.4142135623730951,3.6666666666666665,1.8856180831641267,10,2,3,0,SJF
4,3.5,3.2015621187164243,2.25,2.277608394786075,3.0,1.224744871391589,9,1,5,0,RR
6,7.166666666666667,3.2360813064912666,1.5,0.9574271077563381,2.6666666666666665,1.3743685418725535,10,1,3,0,SJF
6,6.5,2.6299556396765835,2.5,1.6072751268321592,4.5,0.5,10,2,4,0,SJF
4,6.75,2.947456530637899,1.5,1.6583123951777,2.75,1.299038105676658,10,2,4,0,SJF
3,6.666666666666667,4.0276819911981905,2.3333333333333335,1.699673171197595,3.3333333333333335,0.9428090415820634,10,1,4,0,FCFS
3,6.666666666666667,2.0548046676563256,2.0,1.4142135623730951,3.3333333333333335,0.4714045207910317,9,4,3,0,FCFS
4,6.75,2.7726341266023544,2.75,1.299038105676658,4.0,0.7071067811865476,10,4,4,1,FCFS
3,6.0,2.943920288775949,2.3333333333333335,1.247219128924647,4.333333333333333,0.4714045207910317,10,3,4,1,RR
6,5.666666666666667,2.8674417556808756,2.1666666666666665,1.9507833184532708,3.1666666666666665,1.4624940645653537,10,1,5,0,SJF
6,4.0,2.8284271247461903,1.1666666666666667,0.8975274678557508,3.8333333333333335,1.3437096247164249,10,2,2,0,SJF
5,5.6,2.33238075793812,2.8,1.7204650534085253,3.0,1.0954451150103321,9,2,5,0,SJF
6,3.8333333333333335,3.0230595245361753,2.6666666666666665,1.3743685418725535,2.0,1.0,8,1,5,1,SJF
6,3.1666666666666665,2.4094720491334933,2.5,1.5,2.6666666666666665,0.9428090415820635,7,1,5,0,SJF
3,4.0,2.449489742783178,3.3333333333333335,0.4714045207910317,2.0,0.816496580927726,7,1,4,3,SJF
3,7.666666666666667,0.4714045207910317,0.6666666666666666,0.9428090415820634,2.0,0.816496580927726,8,7,2,0,FCFS
5,7.6,1.9595917942265424,3.0,2.0976176963403033,2.4,0.4898979485566356,10,4,5,0,SJF
8,4.375,3.461845606031557,2.75,1.6393596310755,2.75,1.479019945774904,10,1,5,1,SJF
6,6.666666666666667,2.1343747458109497,2.3333333333333335,1.699673171197595,2.8333333333333335,1.3437096247164249,9,3,5,0,SJF
3,5.0,2.943920288775949,1.3333333333333333,1.8856180831641267,3.6666666666666665,0.4714045207910317,9,2,4,0,FCFS
6,6.166666666666667,1.3437096247164249,3.3333333333333335,1.5986105077709065,3.1666666666666665,1.0671873729054748,8,4,5,0,SJF
7,4.857142857142857,2.899683304312063,3.0,2.138089935299395,3.5714285714285716,1.178030178747903,9,1,5,0,SJF
7,6.428571428571429,3.0169588688489823,3.2857142857142856,1.9059520091609046,3.142857142857143,1.6413036132965795,9,1,5,0,SJF
3,5.0,2.449489742783178,1.6666666666666667,0.9428090415820634,4.0,1.4142135623730951,8,2,3,1,SJF
5,3.8,3.6551333764994136,2.0,2.0976176963403033,2.4,1.3564659966250538,10,1,5,0,RR
8,6.125,2.521780125229002,2.375,1.2183492931011204,3.375,1.3169567191065923,9,3,4,0,SJF
8,4.75,2.7726341266023544,2.375,1.4086784586980805,3.625,1.1110243021644486,10,2,5,0,SJF
5,4.2,2.4,3.0,1.2649110640673518,2.0,0.6324555320336759,8,2,5,2,SJF
5,5.2,2.7129319932501073,4.0,1.2649110640673518,3.6,1.3564659966250536,9,1,5,2,SJF
3,3.6666666666666665,2.494438257849294,1.3333333333333333,0.4714045207910317,3.3333333333333335,1.699673171197595,7,1,2,1,SJF
4,4.25,3.6996621467371855,1.75,1.7853571071357126,3.25,0.82915619758885,10,1,4,0,SJF
8,6.875,2.521780125229002,1.25,0.9682458365518543,3.0,1.3228756555322954,9,1,3,0,SJF
5,6.2,2.7129319932501073,2.8,1.9390719429665317,3.2,1.32664991614216,9,3,5,0,SJF
6,5.333333333333333,2.2852182001336816,1.8333333333333333,1.5723301886761007,2.8333333333333335,1.6749792701868151,8,1,5,0,SJF
3,4.666666666666667,3.2998316455372216,2.0,2.160246899469287,2.6666666666666665,0.4714045207910317,9,1,5,0,FCFS
3,6.666666666666667,0.4714045207910317,1.3333333333333333,1.247219128924647,1.0,0.0,7,6,3,0,FCFS
4,5.75,2.384848003542364,2.5,1.6583123951777,2.5,1.6583123951777,9,3,4,0,SJF
8,5.75,2.6339134382131846,1.375,1.5761900266148114,2.25,1.1989578808281798,9,1,5,0,SJF
3,5.333333333333333,3.2998316455372216,0.6666666666666666,0.4714045207910317,1.3333333333333333,0.4714045207910317,9,1,1,0,SJF
7,5.857142857142857,1.5518257844571735,2.4285714285714284,1.6781914463529615,3.857142857142857,0.989743318610787,8,3,5,0,SJF
5,5.8,0.9797958971132712,2.2,1.6,3.4,1.3564659966250538,7,5,5,1,SJF
7,5.285714285714286,2.7105237087157534,1.8571428571428572,1.456862718169367,3.2857142857142856,1.5779087167410373,10,1,4,0,SJF
4,3.5,3.278719262151,2.5,1.5,3.0,1.224744871391589,9,1,5,1,SJF
4,5.5,3.0413812651491097,2.75,1.479019945774904,1.5,0.8660254037844386,9,2,5,1,SJF
5,6.8,2.6381811916545836,3.0,1.0954451150103321,2.4,1.2,10,2,5,2,SJF
5,5.8,2.4819347291981715,3.6,1.4966629547095764,2.4,1.2000000000000002,10,3,5,1,SJF
7,3.7142857142857144,1.979486637221574,2.5714285714285716,2.3211538298959886,2.4285714285714284,1.2936264483053452,8,2,5,0,SJF
7,5.285714285714286,1.9059520091609048,3.0,1.5118578920369088,2.2857142857142856,1.2777531299998797,8,3,5,0,SJF
8,4.75,2.165063509461097,2.25,1.8540496217739157,2.5,1.4142135623730951,10,2,5,0,SJF
6,6.333333333333333,3.39934634239519,3.6666666666666665,1.4907119849998598,3.1666666666666665,1.0671873729054748,10,2,5,1,SJF
4,6.5,1.5,3.75,2.165063509461097,3.25,1.479019945774904,8,4,5,0,SJF
7,5.428571428571429,2.770102775666474,3.142857142857143,1.8070158058105026,2.857142857142857,1.6413036132965795,10,2,5,0,SJF
4,5.5,2.598076211353316,2.0,1.224744871391589,2.0,0.7071067811865476,10,4,3,0,SJF
6,4.333333333333333,1.9720265943665387,2.5,1.5,3.1666666666666665,1.5723301886761007,8,2,4,1,SJF
8,5.25,2.6339134382131846,2.625,1.4086784586980805,2.75,1.7853571071357126,9,2,4,0,SJF
7,4.714285714285714,3.282607226593159,2.5714285714285716,0.9035079029052513,2.7142857142857144,1.4846149779161804,10,1,4,1,SJF
3,6.0,3.559026084010437,2.0,1.4142135623730951,2.6666666666666665,0.4714045207910317,9,1,3,0,SJF
8,4.875,2.7585095613392387,2.625,1.4947825928876748,3.25,1.1989578808281798,9,2,5,1,SJF
7,4.857142857142857,2.747912008810192,2.0,1.5118578920369088,2.7142857142857144,1.2777531299998797,10,1,4,0,SJF
8,6.25,2.9047375096555625,3.125,1.5360257159305635,3.75,1.479019945774904,10,3,5,0,SJF
8,4.875,3.2185982973959333,2.0,1.5,3.375,1.3169567191065923,10,1,4,0,SJF
6,6.666666666666667,2.5603819159562025,2.0,1.9148542155126762,3.1666666666666665,1.5723301886761005,10,3,5,0,SJF
7,3.7142857142857144,2.710523708715754,1.4285714285714286,1.9897697538834456,2.7142857142857144,1.2777531299998797,9,1,5,0,SJF
7,6.428571428571429,2.969229955832361,2.7142857142857144,1.385051387833237,3.142857142857143,1.4568627181693672,10,1,4,0,SJF
4,5.25,3.112474899497183,3.75,2.165063509461097,3.75,0.82915619758885,10,2,5,0,FCFS
4,6.5,1.8027756377319946,1.75,0.82915619758885,3.25,1.0897247358851685,9,4,3,1,SJF
3,4.0,2.449489742783178,2.0,0.816496580927726,3.0,1.4142135623730951,7,1,3,1,FCFS
7,5.571428571428571,2.4411439272335804,2.2857142857142856,1.577908716741037,3.5714285714285716,1.3997084244475304,10,2,4,0,SJF
7,5.857142857142857,2.899683304312063,2.857142857142857,2.0303814862216996,4.285714285714286,1.3850513878332367,10,2,5,0,SJF
4,4.25,3.6996621467371855,2.0,1.8708286933869707,2.5,1.5,10,1,5,0,FCFS
6,5.5,3.1490739379485304,2.3333333333333335,1.699673171197595,3.0,1.5275252316519468,10,1,5,0,SJF
3,6.0,0.816496580927726,2.3333333333333335,1.247219128924647,4.0,0.816496580927726,7,5,4,1,SJF
8,5.375,3.07967124868873,2.375,1.4086784586980805,3.5,1.224744871391589,10,1,5,0,SJF
3,6.333333333333333,1.247219128924647,3.3333333333333335,1.247219128924647,1.6666666666666667,0.4714045207910317,8,5,5,2,FCFS
7,7.0,2.2038926600773587,2.857142857142857,1.6413036132965795,3.4285714285714284,1.049781318335648,10,4,5,1,SJF
8,6.875,2.2043990110685496,2.875,1.6909686573085854,2.0,1.3228756555322954,9,3,5,0,SJF
6,5.5,2.6299556396765835,2.1666666666666665,1.3437096247164249,3.8333333333333335,1.3437096247164249,10,2,4,0,SJF
6,6.833333333333333,2.793842435706702,2.3333333333333335,1.8856180831641267,3.6666666666666665,1.3743685418725535,10,1,5,0,SJF
6,6.166666666666667,2.793842435706702,2.3333333333333335,1.49071198499986,2.5,0.7637626158259734,9,2,5,0,SJF
8,7.75,2.680951323690902,2.625,1.653594569415369,2.25,1.299038105676658,10,2,5,0,SJF
4,2.25,0.4330127018922193,1.5,1.5,3.5,1.6583123951777,3,2,3,0,SJF
5,5.4,3.006659275674582,2.4,1.854723699099141,3.4,1.2000000000000002,9,1,5,0,SJF
4,6.75,3.418698582794336,4.0,1.224744871391589,2.75,1.7853571071357126,10,2,5,2,FCFS
8,5.5,2.6457513110645907,2.625,1.4947825928876748,3.25,1.1989578808281798,9,1,5,1,SJF
4,4.75,3.766629793329841,1.75,0.82915619758885,2.5,1.5,9,1,3,1,SJF
6,4.5,4.031128874149275,3.3333333333333335,1.8856180831641267,3.0,1.4142135623730951,10,1,5,0,SJF
4,3.5,2.179449471770337,1.25,1.299038105676658,2.25,1.299038105676658,7,1,3,0,SJF
5,6.2,3.919183588453085,1.0,1.5491933384829668,3.2,1.16619037896906,10,1,4,0,SJF
6,3.3333333333333335,1.7950549357115013,1.6666666666666667,1.7950549357115013,2.8333333333333335,1.2133516482134197,6,1,5,0,SJF
3,7.0,2.449489742783178,0.0,0.0,3.6666666666666665,0.9428090415820634,10,4,0,0,SJF
4,5.5,2.8722813232690143,1.25,1.299038105676658,3.0,1.224744871391589,10,3,3,0,SJF
3,7.666666666666667,1.247219128924647,1.0,0.816496580927726,3.3333333333333335,1.699673171197595,9,6,2,0,FCFS
4,7.5,2.8722813232690143,4.0,1.224744871391589,3.25,1.299038105676658,10,3,5,2,SJF
4,3.5,1.6583123951777,2.0,1.8708286933869707,3.0,1.5811388300841898,6,2,5,0,SJF
3,6.333333333333333,2.8674417556808756,0.3333333333333333,0.4714045207910317,3.3333333333333335,1.699673171197595,10,3,1,0,SJF
3,4.666666666666667,1.8856180831641267,2.0,0.816496580927726,2.6666666666666665,0.4714045207910317,6,2,3,1,FCFS
7,6.857142857142857,3.4404555939406554,2.857142857142857,1.6413036132965795,2.2857142857142856,1.0301575072754257,10,1,5,1,SJF
5,3.2,2.9933259094191533,2.0,1.8973665961010275,2.0,1.0954451150103321,9,1,5,0,SJF
6,6.666666666666667,2.357022603955158,2.5,1.5,3.5,1.118033988749895,10,3,5,1,SJF
8,6.0,3.122498999199199,2.375,1.79843682124227,3.125,1.165922381636102,10,1,5,0,SJF
7,4.571428571428571,1.9897697538834456,3.5714285714285716,1.6781914463529615,2.857142857142857,1.3552618543578767,8,2,5,1,SJF
6,5.5,3.253203549323856,2.3333333333333335,1.8856180831641267,4.333333333333333,0.4714045207910317,9,1,5,0,SJF
3,8.666666666666666,0.4714045207910317,1.3333333333333333,1.8856180831641267,2.3333333333333335,1.8856180831641267,9,8,4,0,SJF
7,6.571428571428571,3.2888184094918107,2.7142857142857144,1.3850513878332367,4.142857142857143,1.355261854357877,10,1,5,1,SJF
6,5.0,3.0550504633038935,2.3333333333333335,2.1343747458109497,2.8333333333333335,1.3437096247164249,10,1,5,0,SJF
3,5.333333333333333,0.4714045207910317,2.3333333333333335,1.699673171197595,1.3333333333333333,0.4714045207910317,6,5,4,0,SJF
4,8.5,1.6583123951777,3.75,0.82915619758885,2.5,1.118033988749895,10,6,5,3,FCFS
5,4.0,1.6733200530681511,1.8,1.9390719429665317,2.8,1.16619037896906,6,1,5,0,SJF
8,6.0,3.427827300200522,2.5,1.5,3.375,1.2183492931011204,10,1,4,0,SJF
8,5.125,3.370367190678191,2.25,1.3919410907075054,2.625,1.3169567191065923,10,2,4,0,SJF
3,3.0,1.4142135623730951,2.0,0.816496580927726,4.333333333333333,0.4714045207910317,4,1,3,1,SJF
5,5.0,3.40587727318528,3.0,1.8973665961010275,3.6,1.019803902718557,9,1,5,0,SJF
5,4.6,2.5768197453450252,3.0,1.6733200530681511,3.4,1.2,9,1,5,1,SJF
8,5.375,2.6427968139832467,2.5,0.8660254037844386,4.125,1.2686114456365274,10,2,3,1,SJF
3,6.666666666666667,2.8674417556808756,2.3333333333333335,1.247219128924647,1.6666666666666667,0.4714045207910317,10,3,4,1,SJF
3,7.666666666666667,1.8856180831641267,3.0,1.632993161855452,2.3333333333333335,0.9428090415820634,9,5,5,1,SJF
4,4.5,1.5,4.0,1.7320508075688772,2.25,1.0897247358851685,7,3,5,1,FCFS
8,7.125,2.4717149916606487,2.25,1.6393596310755,3.125,1.2686114456365274,10,4,5,0,SJF
3,8.0,1.632993161855452,3.3333333333333335,1.699673171197595,3.3333333333333335,0.4714045207910317,10,6,5,1,FCFS
8,4.625,3.42554740151118,2.5,1.9364916731037085,4.125,1.0532687216470449,10,1,5,0,SJF
7,5.285714285714286,2.1852940772540506,1.5714285714285714,1.5907898179514348,3.5714285714285716,1.3997084244475304,9,2,4,0,SJF
7,4.428571428571429,2.920721185751553,2.142857142857143,1.8070158058105026,2.857142857142857,1.2453996981544782,8,1,5,0,SJF
5,5.2,2.4819347291981715,1.6,1.7435595774162693,2.4,1.2000000000000002,8,1,5,0,SJF
7,6.142857142857143,2.695423180587601,3.142857142857143,1.9587584572574412,2.2857142857142856,1.1605769149479943,10,1,5,0,SJF
3,6.0,2.943920288775949,2.6666666666666665,1.247219128924647,2.6666666666666665,1.699673171197595,9,2,4,1,FCFS
4,5.5,3.640054944640259,3.0,2.0,3.25,1.479019945774904,10,1,5,1,SJF
5,8.0,1.7888543819998317,3.4,1.3564659966250536,3.0,1.0954451150103321,10,5,5,1,SJF
6,7.166666666666667,1.7716909687891083,2.1666666666666665,1.5723301886761005,3.3333333333333335,1.1055415967851334,10,5,5,0,SJF
3,6.333333333333333,3.0912061651652345,1.6666666666666667,1.699673171197595,4.333333333333333,0.9428090415820634,9,2,4,0,FCFS
5,5.0,3.4641016151377544,2.4,0.8,2.6,1.9595917942265426,10,1,3,1,SJF
5,6.2,2.5612496949731396,2.6,1.7435595774162693,2.8,1.16619037896906,10,3,5,0,SJF
8,6.5,2.5,2.0,1.6583123951777,2.125,1.0532687216470449,9,2,5,0,SJF
7,5.714285714285714,1.9059520091609048,3.142857142857143,1.1248582677159729,2.4285714285714284,1.498298354528788,8,2,4,1,SJF
4,4.25,2.384848003542364,3.25,1.0897247358851685,3.5,1.118033988749895,7,1,5,2,SJF
3,6.333333333333333,2.0548046676563256,3.6666666666666665,1.8856180831641267,2.3333333333333335,0.9428090415820634,9,4,5,1,SJF
4,7.0,3.6742346141747673,2.75,1.0897247358851685,3.25,1.7853571071357126,10,1,4,1,SJF
4,5.5,1.6583123951777,2.25,1.7853571071357126,2.75,1.0897247358851685,7,3,4,0,SJF
8,6.0,2.345207879911715,2.25,0.9682458365518543,3.0,1.224744871391589,10,3,3,0,SJF
5,5.4,3.3823069050575527,2.2,2.3151673805580453,2.6,0.8,9,1,5,0,SJF
8,4.25,2.947456530637899,1.5,1.0,2.5,1.118033988749895,9,1,3,0,SJF
8,5.5,2.8722813232690143,2.75,1.1989578808281798,3.0,1.6583123951777,10,2,4,1,SJF
3,5.666666666666667,2.357022603955158,3.0,0.816496580927726,1.6666666666666667,0.4714045207910317,9,4,4,2,FCFS
4,5.5,2.0615528128088303,2.5,1.118033988749895,3.0,1.5811388300841898,9,4,4,1,SJF
5,5.4,1.7435595774162693,2.2,1.16619037896906,3.0,1.4142135623730951,7,2,4,1,FCFS
3,4.333333333333333,2.6246692913372702,2.0,2.160246899469287,2.0,0.816496580927726,8,2,5,0,SJF
5,4.8,2.4,2.4,1.3564659966250538,3.0,1.4142135623730951,7,1,4,0,SJF
4,5.5,3.640054944640259,1.0,1.224744871391589,2.25,1.0897247358851685,10,1,3,0,SJF
6,3.8333333333333335,2.266911751455907,2.6666666666666665,1.7950549357115013,3.3333333333333335,1.247219128924647,7,1,5,0,SJF
4,4.75,2.165063509461097,3.5,1.118033988749895,3.0,1.224744871391589,8,2,5,2,SJF
6,4.5,1.707825127659933,3.0,1.8257418583505538,3.1666666666666665,0.8975274678557507,7,2,5,0,SJF
8,4.375,2.496873044429772,2.625,2.057759704144291,2.875,1.4523687548277813,9,1,5,0,SJF
4,7.0,2.23606797749979,3.0,1.8708286933869707,3.0,1.224744871391589,10,4,5,0,SJF
3,8.333333333333334,2.357022603955158,1.0,1.4142135623730951,2.6666666666666665,1.247219128924647,10,5,3,0,SJF
8,5.375,2.057759704144291,2.625,1.5761900266148114,3.25,1.299038105676658,8,2,5,0,SJF
4,3.75,2.165063509461097,3.0,1.224744871391589,2.0,1.224744871391589,7,1,4,1,SJF
7,5.142857142857143,2.2946254863155726,4.0,0.7559289460184544,3.0,1.1952286093343936,8,1,5,3,SJF
3,5.666666666666667,3.39934634239519,2.6666666666666665,1.247219128924647,4.0,1.4142135623730951,9,1,4,1,SJF
7,6.714285714285714,3.1036515689143473,2.4285714285714284,1.761261143705422,2.857142857142857,0.8329931278350429,10,2,5,0,SJF
4,6.75,2.0463381929681126,3.0,1.7320508075688772,3.0,1.224744871391589,10,5,4,0,SJF
4,6.25,1.7853571071357126,1.75,1.299038105676658,5.0,0.0,8,4,3,0,SJF
8,4.625,2.54644359843292,3.0,1.9364916731037085,2.625,1.4947825928876748,10,1,5,0,SJF
5,5.6,2.33238075793812,2.0,1.4142135623730951,3.8,1.16619037896906,10,4,4,0,RR
5,6.4,3.3823069050575527,3.4,1.019803902718557,3.2,1.16619037896906,10,2,5,2,SJF
5,5.8,2.7129319932501073,1.6,1.624807680927192,3.0,1.4142135623730951,10,2,4,0,SJF
7,4.142857142857143,3.226168511610347,2.0,0.9258200997725514,3.142857142857143,1.124858267715973,10,1,3,0,SJF
8,4.125,2.027159342528357,2.875,1.3635890143294642,2.5,1.5,9,2,4,0,SJF
8,3.0,1.7320508075688772,2.375,1.8666480653835098,2.375,1.653594569415369,6,1,5,0,SJF
5,3.6,2.8000000000000003,2.2,1.469693845669907,2.6,1.2,9,1,4,0,SJF
8,5.375,2.2325713874364688,3.125,1.8328597873268975,3.125,1.165922381636102,8,2,5,0,SJF
3,6.0,2.943920288775949,0.6666666666666666,0.9428090415820634,2.3333333333333335,1.247219128924647,10,3,2,0,SJF
3,5.333333333333333,0.9428090415820634,1.3333333333333333,1.247219128924647,3.3333333333333335,1.699673171197595,6,4,3,0,SJF
4,4.25,2.947456530637899,3.25,1.299038105676658,2.0,1.0,9,1,5,2,SJF
7,5.571428571428571,2.821202522590214,2.2857142857142856,1.979486637221574,3.4285714285714284,1.4982983545287878,10,2,5,0,SJF
5,3.4,2.8705400188814645,2.4,1.019803902718557,3.2,1.16619037896906,9,1,4,1,SJF
4,5.75,2.5860201081971503,2.75,1.299038105676658,3.75,1.6393596310755,10,3,4,1,SJF
5,6.8,2.227105745132009,1.8,1.7204650534085255,2.8,1.5999999999999999,9,3,5,0,SJF
7,6.571428571428571,2.969229955832361,1.1428571428571428,1.355261854357877,3.857142857142857,1.5518257844571737,10,2,4,0,SJF
4,5.25,3.832427429188973,3.0,1.8708286933869707,2.75,1.299038105676658,10,1,5,0,SJF
6,4.0,2.449489742783178,2.1666666666666665,1.674979270186815,1.6666666666666667,1.1055415967851332,7,1,4,0,SJF
8,6.125,2.9764702249476644,3.0,1.7320508075688772,3.375,1.1110243021644486,10,2,5,0,SJF
3,5.0,2.8284271247461903,1.3333333333333333,1.247219128924647,3.3333333333333335,0.9428090415820634,7,1,3,0,FCFS
8,5.25,3.3819373146171707,1.625,1.3169567191065923,2.875,1.3635890143294642,10,1,4,0,SJF
8,4.375,2.2878756522153907,4.0,1.0,2.25,0.9682458365518543,9,1,5,2,SJF
8,5.5,3.6742346141747673,2.125,1.0532687216470449,4.0,1.224744871391589,10,1,4,1,SJF
3,4.666666666666667,1.699673171197595,2.3333333333333335,1.8856180831641267,1.6666666666666667,0.4714045207910317,7,3,5,1,FCFS
8,5.625,2.8695600708122493,3.0,1.8027756377319946,3.5,1.5,10,2,5,0,SJF
5,6.2,2.4819347291981715,1.2,1.1661903789690602,2.6,1.019803902718557,10,3,3,0,SJF
8,8.25,1.713913650100261,1.75,1.6393596310755,3.0,1.5,10,5,5,0,SJF
7,5.0,3.625307868699863,2.5714285714285716,0.9035079029052513,2.5714285714285716,0.9035079029052513,10,1,4,1,SJF
3,3.3333333333333335,2.6246692913372702,1.3333333333333333,1.247219128924647,3.6666666666666665,1.8856180831641267,7,1,3,0,FCFS
3,9.333333333333334,0.9428090415820634,2.6666666666666665,1.699673171197595,4.0,0.816496580927726,10,8,5,1,FCFS
7,3.4285714285714284,2.381904571504724,1.7142857142857142,1.3850513878332367,3.142857142857143,1.6413036132965795,9,1,4,0,SJF
3,7.666666666666667,2.6246692913372702,3.0,0.816496580927726,1.6666666666666667,0.9428090415820634,10,4,4,2,FCFS
7,6.142857142857143,2.4159335036125373,2.7142857142857144,1.577908716741037,3.4285714285714284,1.3997084244475304,10,2,5,1,SJF
4,6.0,3.082207001484488,1.5,2.0615528128088303,3.5,1.118033988749895,10,3,5,0,SJF
6,6.0,1.9148542155126762,2.3333333333333335,1.247219128924647,2.1666666666666665,1.4624940645653537,9,4,5,1,SJF
5,4.2,3.0594117081556713,1.6,1.624807680927192,3.4,1.2,9,1,4,0,SJF
6,4.0,3.1622776601683795,2.8333333333333335,2.1147629234082532,1.5,0.7637626158259734,10,1,5,0,SJF
6,3.8333333333333335,1.5723301886761005,2.3333333333333335,1.8856180831641267,4.166666666666667,0.8975274678557507,6,2,5,0,SJF
6,6.5,2.6299556396765835,3.0,2.0816659994661326,3.5,1.2583057392117916,10,3,5,0,SJF
5,7.2,2.3151673805580453,3.4,1.3564659966250538,2.8,1.32664991614216,10,3,5,2,SJF
6,5.5,2.362907813126304,2.8333333333333335,1.9507833184532708,3.5,1.118033988749895,8,2,5,0,SJF
5,7.2,2.1354156504062622,3.0,1.7888543819998317,2.6,1.3564659966250536,10,4,5,0,SJF
3,6.333333333333333,3.0912061651652345,2.6666666666666665,0.9428090415820634,3.6666666666666665,0.4714045207910317,9,2,4,2,FCFS
6,7.0,2.516611478423583,3.8333333333333335,0.6871842709362768,2.5,1.2583057392117916,10,3,5,3,SJF
7,7.142857142857143,2.030381486221699,2.4285714285714284,1.761261143705422,3.142857142857143,1.355261854357877,10,3,5,0,SJF
3,5.0,2.160246899469287,1.6666666666666667,0.4714045207910317,2.6666666666666665,1.247219128924647,8,3,2,1,SJF
5,4.4,2.33238075793812,0.8,0.9797958971132713,2.8,1.6,8,2,2,0,SJF
8,6.0,2.5495097567963922,3.125,1.964529205687714,3.5,1.0,10,2,5,0,SJF
5,4.2,3.370459909270544,3.4,1.019803902718557,3.2,1.32664991614216,10,1,5,2,SJF
5,7.0,2.0976176963403033,1.2,0.9797958971132713,3.4,1.4966629547095767,9,3,2,0,SJF
7,4.142857142857143,2.9965967090575756,2.4285714285714284,1.761261143705422,3.2857142857142856,1.4846149779161804,8,1,5,0,SJF
6,4.5,2.6299556396765835,2.6666666666666665,1.3743685418725535,3.3333333333333335,1.3743685418725535,8,1,4,0,SJF
7,3.857142857142857,1.5518257844571737,3.0,1.6035674514745464,2.857142857142857,1.5518257844571737,7,2,5,1,SJF
6,3.6666666666666665,2.0548046676563256,2.6666666666666665,1.247219128924647,3.3333333333333335,1.247219128924647,8,2,4,1,SJF
4,5.75,2.277608394786075,2.75,0.82915619758885,2.75,0.82915619758885,8,2,4,2,FCFS
6,6.0,3.6514837167011076,2.8333333333333335,1.7716909687891083,2.6666666666666665,1.1055415967851334,10,1,5,0,SJF
3,6.333333333333333,3.299831645537222,2.0,0.816496580927726,3.6666666666666665,1.247219128924647,10,2,3,1,SJF
6,6.333333333333333,2.8674417556808756,4.0,1.4142135623730951,3.3333333333333335,1.699673171197595,10,2,5,1,SJF
8,6.25,2.7726341266023544,2.625,1.4947825928876748,3.5,1.3228756555322954,10,2,5,0,SJF
7,4.571428571428571,3.499271061118826,3.5714285714285716,1.178030178747903,2.7142857142857144,1.4846149779161806,10,1,5,1,SJF
5,7.2,2.039607805437114,2.8,1.7204650534085253,2.4,1.019803902718557,10,4,5,0,SJF
6,5.333333333333333,2.6246692913372702,3.5,1.5,3.3333333333333335,1.4907119849998598,10,2,5,1,SJF
8,6.125,2.4717149916606487,3.875,0.7806247497997998,2.875,1.3635890143294642,10,3,5,3,SJF
6,6.833333333333333,1.9507833184532708,3.0,1.9148542155126762,4.0,1.4142135623730951,9,4,5,0,SJF
5,5.4,0.7999999999999999,2.0,1.0954451150103321,3.8,1.469693845669907,6,4,4,1,SJF
8,7.25,1.984313483298443,2.75,1.6393596310755,3.625,1.4947825928876748,10,3,5,0,SJF
4,5.5,1.5,1.0,1.0,2.5,1.5,7,4,2,0,SJF
5,5.2,2.4819347291981715,2.6,1.019803902718557,1.8,0.7483314773547883,9,2,4,1,SJF
8,4.375,2.595067436503337,3.0,1.5811388300841898,3.25,1.3919410907075054,10,1,5,0,SJF
6,5.333333333333333,3.2489314482696545,3.0,1.632993161855452,3.6666666666666665,0.9428090415820634,10,2,5,0,SJF
7,4.714285714285714,2.4327694808466287,3.142857142857143,1.4568627181693672,2.7142857142857144,1.3850513878332367,9,2,5,0,SJF
8,5.875,2.027159342528357,2.625,1.1110243021644486,3.0,1.3228756555322954,9,3,4,0,SJF
3,4.333333333333333,2.0548046676563256,1.3333333333333333,1.247219128924647,3.3333333333333335,0.9428090415820634,7,2,3,0,SJF
7,6.0,3.3380918415851206,3.4285714285714284,1.9166296949998196,2.857142857142857,1.124858267715973,10,1,5,0,SJF
5,5.6,2.870540018881465,4.0,1.0954451150103321,2.4,1.019803902718557,10,3,5,2,SJF
3,2.3333333333333335,1.247219128924647,4.333333333333333,0.9428090415820634,2.6666666666666665,1.247219128924647,4,1,5,3,SJF
8,6.0,2.8722813232690143,2.5,1.6583123951777,3.125,1.3635890143294642,10,2,5,0,SJF
5,5.4,2.33238075793812,3.4,1.624807680927192,4.2,0.7483314773547882,8,2,5,1,SJF
6,4.5,2.140872096444188,1.5,1.3844373104863459,2.3333333333333335,1.1055415967851334,7,1,4,0,SJF
6,6.833333333333333,1.5723301886761007,1.6666666666666667,0.9428090415820634,3.5,1.5,9,4,3,0,SJF
6,5.166666666666667,2.4776781245530843,1.5,1.6072751268321592,3.3333333333333335,1.4907119849998596,9,3,5,0,SJF
8,7.0,2.3979157616563596,2.75,2.1065374432940898,3.125,1.5360257159305635,9,1,5,0,SJF
5,6.6,3.4985711369071804,2.4,0.8,3.4,1.3564659966250536,10,1,3,1,SJF
5,4.8,2.4819347291981715,2.4,1.854723699099141,2.8,1.469693845669907,8,2,5,0,SJF
5,5.0,3.1622776601683795,2.6,1.019803902718557,3.2,1.8330302779823362,10,1,4,1,SJF
5,7.8,1.6,2.2,1.9390719429665317,1.6,0.4898979485566356,10,5,5,0,SJF
7,4.857142857142857,2.996596709057576,2.0,2.138089935299395,3.142857142857143,0.6388765649999398,9,1,5,0,SJF
4,4.25,2.48746859276655,0.25,0.4330127018922193,2.75,1.479019945774904,8,1,1,0,SJF
7,3.5714285714285716,3.1102201510110348,1.8571428571428572,1.7261494247992246,2.7142857142857144,1.0301575072754257,10,1,4,0,SJF
4,7.75,2.7726341266023544,1.5,0.8660254037844386,2.5,1.6583123951777,10,3,3,1,SJF
6,4.833333333333333,3.531603350069515,1.8333333333333333,1.4624940645653537,2.8333333333333335,0.8975274678557507,10,1,4,0,SJF
3,8.333333333333334,1.247219128924647,3.3333333333333335,1.699673171197595,2.6666666666666665,0.4714045207910317,10,7,5,1,FCFS
6,4.166666666666667,2.3392781412697,2.5,1.5,3.0,1.4142135623730951,9,2,5,0,FCFS
7,4.428571428571429,2.5555062599997598,1.7142857142857142,1.8294640678379566,3.7142857142857144,1.385051387833237,10,2,5,0,SJF
6,4.5,3.947573094109004,2.5,1.8929694486000912,3.1666666666666665,1.2133516482134197,10,1,5,0,RR
8,7.25,2.8613807855648994,3.875,1.0532687216470449,2.375,1.2183492931011204,10,2,5,2,SJF
3,6.666666666666667,1.8856180831641267,0.6666666666666666,0.4714045207910317,3.0,1.4142135623730951,8,4,1,0,SJF
5,4.8,2.1354156504062622,4.4,0.7999999999999999,3.4,1.3564659966250536,8,2,5,3,SJF
4,5.25,2.48746859276655,0.25,0.4330127018922193,4.25,0.82915619758885,9,2,1,0,SJF
5,4.8,3.655133376499413,2.0,1.2649110640673518,3.4,0.8,10,1,4,1,SJF
6,6.833333333333333,2.1147629234082532,4.0,1.1547005383792515,3.3333333333333335,0.9428090415820634,9,3,5,2,SJF
4,6.5,2.5,2.5,1.6583123951777,3.75,1.299038105676658,9,4,5,1,SJF
5,4.8,3.1874754901018454,3.6,1.7435595774162693,2.0,1.5491933384829668,9,1,5,1,SJF
7,6.142857142857143,2.641891715558133,3.0,1.7728105208558367,3.0,0.9258200997725514,9,2,5,1,SJF
6,4.666666666666667,2.4267032964268394,2.3333333333333335,1.49071198499986,3.5,1.2583057392117916,9,1,5,1,SJF
5,7.4,1.0198039027185568,3.0,1.6733200530681511,4.2,1.6,9,6,5,0,SJF
5,5.0,3.03315017762062,3.4,2.0591260281974,4.0,1.2649110640673518,10,1,5,0,SJF
8,5.0,2.0615528128088303,2.875,1.7633419974582356,2.5,1.3228756555322954,9,2,5,0,SJF
6,5.0,2.0,3.5,1.707825127659933,3.5,1.5,8,2,5,0,SJF
8,5.5,2.8284271247461903,3.0,1.5,2.0,1.224744871391589,9,2,5,1,SJF
4,5.75,3.2691742076555053,1.75,1.479019945774904,1.75,1.299038105676658,10,1,4,0,SJF
3,4.333333333333333,3.39934634239519,3.0,1.632993161855452,2.0,1.4142135623730951,9,1,5,1,FCFS
4,3.75,2.680951323690902,2.5,2.0615528128088303,2.75,1.0897247358851685,8,1,5,0,RR
7,4.285714285714286,2.7105237087157534,2.857142857142857,1.8070158058105024,3.857142857142857,1.355261854357877,8,1,5,0,SJF
4,5.75,3.112474899497183,2.5,1.6583123951777,2.5,1.118033988749895,9,1,5,1,FCFS
6,6.666666666666667,3.815174380753199,1.8333333333333333,0.6871842709362768,3.1666666666666665,1.5723301886761005,10,1,3,1,SJF
3,6.666666666666667,2.494438257849294,1.3333333333333333,0.4714045207910317,3.6666666666666665,0.4714045207910317,10,4,2,1,SJF
4,4.75,2.8613807855648994,2.25,1.479019945774904,2.0,1.224744871391589,9,1,4,0,SJF
4,3.25,1.7853571071357126,1.0,0.0,3.0,1.224744871391589,6,1,1,1,SJF
7,5.714285714285714,3.1943828249996993,3.2857142857142856,1.1605769149479943,2.857142857142857,1.6413036132965795,9,1,5,2,SJF
5,6.4,1.9595917942265424,1.8,1.7204650534085255,2.6,1.2,10,4,5,0,SJF
8,3.875,2.368411915187052,1.75,1.3919410907075054,3.75,1.0897247358851685,9,1,4,0,SJF
3,6.666666666666667,3.39934634239519,1.6666666666666667,1.247219128924647,3.0,1.632993161855452,10,2,3,0,FCFS
3,2.6666666666666665,2.3570226039551585,1.6666666666666667,0.4714045207910317,3.0,1.4142135623730951,6,1,2,1,FCFS
3,5.666666666666667,2.357022603955158,3.0,0.816496580927726,4.333333333333333,0.9428090415820634,9,4,4,2,FCFS
6,5.166666666666667,2.6087459737497545,2.5,1.9790570145063195,3.1666666666666665,1.2133516482134197,9,1,5,0,SJF
6,3.0,1.1547005383792515,3.0,1.9148542155126762,3.5,1.6072751268321592,5,2,5,0,SJF
8,4.75,2.6339134382131846,2.875,1.6909686573085854,2.5,1.5811388300841898,9,1,5,1,SJF
7,7.0,2.6726124191242437,2.857142857142857,1.7261494247992246,1.8571428571428572,0.8329931278350429,10,2,5,0,SJF
8,5.5,2.5,3.25,1.8540496217739157,4.25,0.82915619758885,10,2,5,0,SJF
6,5.5,1.3844373104863459,2.1666666666666665,1.0671873729054748,2.0,1.0,8,4,3,0,SJF
3,7.333333333333333,1.247219128924647,2.6666666666666665,0.4714045207910317,3.3333333333333335,1.699673171197595,9,6,3,2,FCFS
5,6.8,1.9390719429665317,3.6,1.4966629547095764,4.0,1.0954451150103321,10,5,5,1,SJF
8,5.25,3.152380053229623,1.75,1.713913650100261,2.625,1.2183492931011204,10,1,5,0,SJF
6,4.333333333333333,1.7950549357115013,2.3333333333333335,1.795054935711501,1.5,0.7637626158259734,7,1,5,0,SJF
6,4.333333333333333,2.494438257849294,2.5,1.9790570145063195,3.1666666666666665,1.8633899812498247,8,1,5,0,SJF
8,5.5,2.0615528128088303,1.75,1.5612494995995996,3.375,1.4947825928876748,10,3,4,0,SJF
3,6.0,2.160246899469287,1.3333333333333333,0.4714045207910317,3.3333333333333335,1.699673171197595,8,3,2,1,FCFS
8,6.375,2.4462982238476156,2.75,1.479019945774904,3.25,1.1989578808281798,10,3,5,0,SJF
3,4.333333333333333,3.299831645537222,3.0,0.0,4.666666666666667,0.4714045207910317,9,2,3,3,SJF
7,4.142857142857143,1.958758457257441,2.857142857142857,2.099562636671296,3.857142857142857,1.124858267715973,7,2,5,0,SJF
4,6.5,2.0615528128088303,1.75,1.299038105676658,2.75,1.0897247358851685,9,4,3,0,SJF
7,7.285714285714286,2.249716535431946,3.142857142857143,2.166535841157586,4.0,0.7559289460184544,10,3,5,0,SJF
4,5.5,3.640054944640259,4.25,0.4330127018922193,3.75,1.6393596310755,10,1,5,4,SJF
8,8.625,1.3169567191065923,2.75,1.3919410907075054,2.5,1.3228756555322954,10,6,5,0,SJF
3,5.333333333333333,1.247219128924647,3.3333333333333335,0.9428090415820634,2.6666666666666665,1.699673171197595,7,4,4,2,FCFS
5,5.2,1.8330302779823358,2.0,1.7888543819998317,2.0,1.0954451150103321,7,3,5,0,SJF
3,4.333333333333333,0.4714045207910317,3.3333333333333335,1.247219128924647,2.0,0.0,5,4,5,2,FCFS
8,5.125,2.8912583765550943,1.875,1.5360257159305635,3.0,1.3228756555322954,9,1,4,0,SJF
8,4.125,2.4206145913796355,2.375,1.8666480653835098,2.75,1.3919410907075054,8,1,5,0,SJF
5,3.0,2.5298221281347035,2.8,2.039607805437114,2.4,1.3564659966250538,7,1,5,0,FCFS
6,4.0,2.581988897471611,2.0,1.9148542155126762,3.5,1.2583057392117916,9,1,5,0,SJF
3,3.6666666666666665,3.091206165165235,1.6666666666666667,2.357022603955158,3.0,1.4142135623730951,8,1,5,0,FCFS
4,6.0,1.8708286933869707,2.0,1.4142135623730951,3.0,1.5811388300841898,9,4,4,0,SJF
3,6.0,3.7416573867739413,4.0,0.816496580927726,1.6666666666666667,0.4714045207910317,10,1,5,3,FCFS
6,7.166666666666667,2.852873794770615,1.6666666666666667,1.6996731711975948,3.5,1.2583057392117916,10,2,4,0,SJF
8,4.625,2.6427968139832467,2.875,1.165922381636102,2.25,1.479019945774904,10,1,5,1,SJF
3,6.0,2.449489742783178,3.6666666666666665,1.247219128924647,3.3333333333333335,1.247219128924647,9,3,5,2,FCFS
4,5.25,2.5860201081971503,1.5,1.5,2.75,0.82915619758885,9,2,4,0,SJF
3,7.666666666666667,0.9428090415820634,3.0,0.816496580927726,3.6666666666666665,1.247219128924647,9,7,4,2,FCFS
3,5.0,1.632993161855452,3.0,1.4142135623730951,2.0,0.0,7,3,5,2,SJF
6,5.5,2.753785273643051,0.8333333333333334,1.0671873729054748,2.8333333333333335,1.2133516482134197,9,1,3,0,SJF
4,6.0,1.224744871391589,1.5,1.5,2.5,0.5,8,5,4,0,SJF
7,5.0,2.6726124191242437,2.857142857142857,1.5518257844571737,2.142857142857143,0.6388765649999399,9,2,4,0,SJF
8,6.125,2.2603926650031405,2.875,1.6153559979150107,2.625,0.8569568250501305,9,2,5,0,SJF
7,7.285714285714286,3.1943828249996997,3.7142857142857144,1.577908716741037,2.857142857142857,1.2453996981544782,10,1,5,1,SJF
5,7.8,2.039607805437114,2.6,1.624807680927192,3.6,1.4966629547095764,10,5,5,1,SJF
7,7.0,2.390457218668787,3.2857142857142856,1.749635530559413,3.4285714285714284,1.3997084244475304,10,3,5,1,SJF
6,6.166666666666667,3.1841621957571333,2.0,1.7320508075688772,2.1666666666666665,0.8975274678557507,9,1,5,0,SJF
6,3.8333333333333335,2.4776781245530843,3.1666666666666665,1.2133516482134197,3.1666666666666665,1.21335164821342,8,1,5,1,SJF
7,5.0,2.7255405754769875,3.0,2.138089935299395,2.7142857142857144,1.3850513878332367,10,1,5,0,SJF
8,7.375,2.2325713874364688,3.0,1.5811388300841898,3.875,1.165922381636102,10,3,5,0,SJF
5,3.6,2.244994432064365,2.8,1.32664991614216,3.2,0.39999999999999997,6,1,5,1,SJF
6,5.333333333333333,2.981423969999719,1.8333333333333333,1.0671873729054748,2.8333333333333335,1.0671873729054748,10,1,3,0,SJF
8,6.0,2.7386127875258306,2.75,1.713913650100261,2.875,1.4523687548277813,10,2,5,0,SJF
6,6.833333333333333,2.793842435706702,3.0,1.2909944487358056,4.0,1.5275252316519468,10,3,5,1,SJF
3,5.0,3.7416573867739413,4.0,1.4142135623730951,2.6666666666666665,0.9428090415820634,10,1,5,2,FCFS
3,5.333333333333333,2.6246692913372702,2.0,2.160246899469287,2.6666666666666665,0.4714045207910317,9,3,5,0,FCFS
6,4.166666666666667,2.5440562537456244,1.8333333333333333,1.5723301886761007,2.8333333333333335,1.0671873729054748,9,2,4,0,SJF
4,7.5,1.6583123951777,1.25,1.6393596310755,2.25,1.6393596310755,9,5,4,0,SJF
3,3.3333333333333335,1.8856180831641267,0.3333333333333333,0.4714045207910317,3.6666666666666665,1.8856180831641267,6,2,1,0,SJF
8,5.625,3.5333235062756425,2.75,1.479019945774904,3.5,1.118033988749895,10,1,5,0,SJF
5,6.6,2.4166091947189146,3.0,1.2649110640673518,3.8,1.16619037896906,10,4,5,1,SJF
3,8.333333333333334,1.699673171197595,1.6666666666666667,1.699673171197595,4.0,0.816496580927726,10,6,4,0,FCFS
7,5.857142857142857,3.136356914300021,2.5714285714285716,1.9897697538834456,3.857142857142857,1.2453996981544782,10,2,5,0,SJF
6,5.333333333333333,3.0368111930480994,3.0,1.7320508075688772,3.5,0.7637626158259734,10,1,5,1,SJF
7,7.142857142857143,2.9485382057928993,2.857142857142857,1.4568627181693672,2.4285714285714284,1.3997084244475304,10,2,5,1,SJF
8,5.5,2.692582403567252,1.5,1.8027756377319946,3.25,1.0897247358851685,9,1,5,0,SJF
7,7.428571428571429,2.498979383505129,2.4285714285714284,1.2936264483053452,3.142857142857143,1.2453996981544782,10,4,4,1,SJF
3,5.666666666666667,3.0912061651652345,3.0,0.816496580927726,1.3333333333333333,0.4714045207910317,10,3,4,2,RR
5,2.4,0.8,2.8,0.7483314773547882,3.4,1.3564659966250538,3,1,4,2,SJF
6,5.333333333333333,3.34995854037363,2.1666666666666665,1.7716909687891083,2.8333333333333335,1.674979270186815,10,1,5,0,SJF
3,8.0,1.4142135623730951,1.3333333333333333,0.9428090415820634,3.6666666666666665,1.8856180831641267,9,6,2,0,FCFS
3,4.666666666666667,3.299831645537222,3.3333333333333335,1.699673171197595,2.3333333333333335,1.247219128924647,9,1,5,1,FCFS
7,6.285714285714286,1.8294640678379568,2.857142857142857,0.8329931278350429,3.142857142857143,1.5518257844571737,8,3,4,2,SJF
3,9.333333333333334,0.9428090415820634,4.0,0.816496580927726,3.0,1.4142135623730951,10,8,5,3,SJF
7,6.142857142857143,1.958758457257441,2.7142857142857144,1.749635530559413,2.5714285714285716,1.2936264483053452,9,4,5,1,SJF
8,5.25,2.222048604328897,2.75,1.0897247358851685,3.125,1.5360257159305635,9,1,5,1,SJF
5,5.6,2.5768197453450252,2.8,1.16619037896906,2.6,1.3564659966250536,8,2,4,1,SJF
5,6.2,3.1874754901018454,2.2,1.7204650534085253,3.2,1.16619037896906,10,1,5,0,FCFS
6,4.666666666666667,2.2110831935702664,2.5,0.9574271077563381,2.5,1.3844373104863459,9,2,4,1,SJF
6,3.6666666666666665,2.211083193570267,1.8333333333333333,1.3437096247164249,3.1666666666666665,1.4624940645653537,8,1,4,0,SJF
4,8.75,1.0897247358851685,1.75,1.7853571071357126,3.0,1.224744871391589,10,7,4,0,SJF
8,6.125,1.2686114456365274,1.625,0.9921567416492215,2.625,1.1110243021644486,8,4,4,1,SJF
8,5.875,2.8476964374736293,2.5,1.5,2.875,1.3635890143294642,9,1,5,1,SJF
8,4.0,2.3979157616563596,2.25,2.1065374432940898,3.875,1.2686114456365274,7,1,5,0,SJF
4,3.5,2.692582403567252,1.5,1.5,3.0,1.224744871391589,8,1,4,0,SJF
8,5.125,2.4717149916606487,2.875,1.964529205687714,3.625,0.6959705453537527,9,1,5,0,SJF
7,5.571428571428571,1.6781914463529615,3.0,1.8516401995451028,3.5714285714285716,1.2936264483053452,8,3,5,1,SJF
7,8.857142857142858,1.5518257844571737,2.7142857142857144,1.979486637221574,3.142857142857143,1.3552618543578767,10,6,5,0,SJF
3,3.6666666666666665,2.0548046676563256,1.6666666666666667,1.699673171197595,3.3333333333333335,1.247219128924647,6,1,4,0,FCFS
3,5.333333333333333,2.8674417556808756,3.0,2.160246899469287,3.6666666666666665,0.9428090415820634,9,2,5,0,FCFS
4,5.5,1.5,2.5,1.6583123951777,3.5,1.118033988749895,8,4,4,0,SJF
8,5.5,1.6583123951777,3.0,1.8708286933869707,2.5,1.224744871391589,7,2,5,0,SJF
8,6.0,3.5355339059327378,3.0,1.7320508075688772,2.625,1.7275343701356567,10,2,5,0,SJF
3,5.333333333333333,1.247219128924647,3.6666666666666665,1.8856180831641267,2.6666666666666665,0.4714045207910317,7,4,5,1,FCFS
3,3.3333333333333335,2.0548046676563256,4.0,0.816496580927726,3.0,1.4142135623730951,6,1,5,3,SJF
3,4.666666666666667,3.2998316455372216,3.0,1.4142135623730951,2.3333333333333335,0.4714045207910317,9,1,4,1,FCFS
5,3.8,3.3105890714493698,2.4,2.0591260281974,2.0,0.8944271909999159,10,1,5,0,SJF
4,7.75,2.7726341266023544,2.0,2.0,2.5,1.5,10,3,4,0,SJF
3,5.666666666666667,3.39934634239519,1.3333333333333333,0.4714045207910317,2.6666666666666665,0.4714045207910317,9,1,2,1,SJF
3,5.0,2.449489742783178,3.6666666666666665,1.247219128924647,4.333333333333333,0.9428090415820634,8,2,5,2,FCFS
6,6.5,2.9297326385411577,2.5,1.2583057392117916,2.3333333333333335,1.3743685418725535,10,2,4,1,SJF
7,5.0,3.3380918415851206,3.0,1.5118578920369088,4.0,1.4142135623730951,9,1,5,0,SJF
5,5.4,2.5768197453450252,3.0,1.7888543819998317,3.6,1.2,9,3,5,0,SJF
8,5.375,2.912795049432761,3.0,1.5811388300841898,2.5,1.5,9,1,5,0,SJF
8,5.875,2.315032397181517,1.375,1.5761900266148114,2.875,1.165922381636102,8,1,5,0,SJF
6,6.166666666666667,2.4094720491334933,1.8333333333333333,1.5723301886761007,2.3333333333333335,1.3743685418725535,9,2,5,0,SJF
8,3.625,1.9324531042175384,2.625,1.79843682124227,2.875,1.6153559979150107,7,1,5,0,SJF
7,7.142857142857143,1.8070158058105026,3.0,1.6035674514745464,3.4285714285714284,1.2936264483053452,10,4,5,1,SJF
7,4.142857142857143,2.099562636671296,1.7142857142857142,1.749635530559413,1.7142857142857142,1.0301575072754254,7,1,5,0,SJF
7,5.714285714285714,2.9137254363387344,2.142857142857143,1.4568627181693672,3.142857142857143,1.7261494247992246,10,1,4,0,SJF
6,5.166666666666667,1.950783318453271,3.0,1.1547005383792515,2.0,1.0,9,3,5,2,SJF
5,4.0,1.4142135623730951,2.6,1.3564659966250536,2.4,1.7435595774162693,6,2,5,1,SJF
8,6.25,3.2691742076555053,2.125,1.0532687216470449,2.875,1.3635890143294642,10,1,4,1,SJF
5,5.0,2.3664319132398464,2.2,1.16619037896906,3.8,1.16619037896906,9,2,4,1,SJF
3,4.0,2.943920288775949,3.0,1.4142135623730951,3.6666666666666665,1.247219128924647,8,1,4,1,FCFS
6,7.333333333333333,1.5986105077709065,2.3333333333333335,1.3743685418725535,3.6666666666666665,1.1055415967851334,10,6,4,0,SJF
4,4.25,1.7853571071357126,2.5,1.6583123951777,2.5,1.6583123951777,6,2,5,1,SJF
6,5.0,3.415650255319866,3.3333333333333335,1.1055415967851332,2.8333333333333335,1.21335164821342,10,1,5,2,SJF
8,6.0,2.5,2.875,1.6909686573085854,3.25,1.6393596310755,9,1,5,1,SJF
6,3.6666666666666665,1.3743685418725535,2.0,1.4142135623730951,2.6666666666666665,1.699673171197595,6,2,4,0,SJF
6,6.5,2.217355782608345,2.1666666666666665,1.4624940645653537,3.0,1.4142135623730951,9,2,5,1,SJF
7,6.142857142857143,2.099562636671296,1.8571428571428572,1.8070158058105026,3.142857142857143,1.1248582677159729,9,3,5,0,SJF
5,7.2,2.4,2.4,2.0591260281974,3.8,1.6,10,3,5,0,SJF
3,8.333333333333334,0.9428090415820634,3.3333333333333335,1.699673171197595,2.0,0.816496580927726,9,7,5,1,FCFS
5,5.8,3.4871191548325386,2.8,1.6,3.2,1.6,10,2,5,1,SJF
7,4.142857142857143,2.531435020952764,3.0,1.6035674514745464,2.7142857142857144,1.2777531299998797,9,1,5,1,SJF
3,5.666666666666667,2.8674417556808756,2.3333333333333335,1.8856180831641267,2.6666666666666665,1.247219128924647,9,2,5,1,SJF
8,6.125,1.8328597873268975,3.125,1.7633419974582356,2.75,1.0897247358851685,9,3,5,0,SJF
3,5.0,3.265986323710904,3.3333333333333335,1.247219128924647,2.6666666666666665,1.247219128924647,9,1,5,2,SJF
3,7.0,2.449489742783178,2.0,1.632993161855452,3.0,1.632993161855452,10,4,4,0,SJF
8,6.625,2.7357585785299112,1.375,1.3169567191065923,3.0,1.5,10,2,4,0,SJF
4,7.5,3.774917217635375,3.5,0.5,3.5,1.118033988749895,10,1,4,3,SJF
6,7.333333333333333,1.9720265943665387,1.3333333333333333,0.4714045207910317,2.8333333333333335,1.5723301886761005,10,5,2,1,SJF
6,5.5,2.5,1.6666666666666667,1.247219128924647,2.6666666666666665,1.3743685418725535,9,2,4,0,SJF
6,5.666666666666667,4.068851871911234,1.3333333333333333,0.7453559924999299,3.6666666666666665,1.1055415967851332,10,1,2,0,SJF
8,6.5,2.345207879911715,2.25,1.479019945774904,3.25,1.0897247358851685,9,2,5,0,SJF
5,5.6,2.244994432064365,2.8,1.7204650534085253,3.2,1.469693845669907,9,2,5,0,SJF
4,4.75,2.165063509461097,2.0,1.8708286933869707,2.0,0.7071067811865476,8,2,5,0,SJF
4,4.75,1.920286436967152,2.75,1.7853571071357126,2.25,1.299038105676658,8,3,5,1,SJF
8,4.25,2.436698586202241,2.5,1.6583123951777,2.5,1.5,8,1,5,0,SJF
4,4.75,2.48746859276655,0.75,1.299038105676658,3.75,1.6393596310755,8,1,3,0,SJF
7,6.428571428571429,2.5555062599997598,2.4285714285714284,1.5907898179514348,2.7142857142857144,1.2777531299998797,10,3,5,0,SJF
8,6.0,3.4641016151377544,3.5,1.5,3.0,1.4142135623730951,10,1,5,0,SJF
8,4.75,2.7271780286589284,3.125,1.4523687548277813,3.0,1.224744871391589,10,1,5,1,SJF
4,6.5,1.5,2.0,1.224744871391589,2.5,0.8660254037844386,9,5,3,0,FCFS
5,5.8,3.655133376499413,3.2,1.6,3.6,0.8,10,1,5,1,SJF
5,5.8,2.7856776554368237,1.6,2.0591260281974,2.8,1.16619037896906,10,3,5,0,SJF
7,6.0,2.138089935299395,3.0,1.7728105208558367,3.4285714285714284,1.178030178747903,9,4,5,1,SJF
4,4.25,2.277608394786075,2.0,1.5811388300841898,3.0,1.5811388300841898,8,2,4,0,SJF
5,6.2,3.2496153618543846,3.6,1.4966629547095764,3.2,1.469693845669907,10,1,5,1,SJF
5,6.4,3.2,2.0,0.8944271909999159,3.6,1.4966629547095764,10,2,3,1,SJF
7,5.571428571428571,2.920721185751553,1.4285714285714286,1.8405855323893037,2.857142857142857,1.2453996981544782,9,1,5,0,SJF
4,6.5,2.692582403567252,2.5,1.5,4.0,1.0,9,2,4,0,SJF
8,5.25,3.112474899497183,2.625,2.057759704144291,3.5,0.8660254037844386,10,1,5,0,SJF
5,4.0,3.1622776601683795,3.0,2.449489742783178,2.4,1.019803902718557,10,1,5,0,FCFS
8,7.125,2.0879116360612584,1.875,1.6909686573085854,3.75,1.3919410907075054,10,4,5,0,SJF
5,5.0,2.9664793948382653,2.8,1.16619037896906,3.8,0.7483314773547882,9,2,4,1,SJF
7,4.857142857142857,2.849991049037143,1.5714285714285714,1.6781914463529615,2.5714285714285716,1.2936264483053452,10,2,4,0,SJF
5,5.0,2.449489742783178,1.4,1.2000000000000002,3.8,1.16619037896906,9,2,3,0,SJF
6,4.166666666666667,2.91070819942883,1.1666666666666667,1.3437096247164249,3.0,1.632993161855452,8,1,4,0,SJF
5,7.6,2.0591260281974,1.8,1.1661903789690602,3.8,0.7483314773547882,10,4,4,1,SJF
5,6.4,2.5768197453450252,1.0,0.6324555320336759,3.6,1.019803902718557,9,2,2,0,SJF
4,6.0,3.24037034920393,1.25,2.165063509461097,2.75,1.0897247358851685,10,1,5,0,SJF
8,6.625,2.9973947020704497,2.125,1.6909686573085854,3.875,1.2686114456365274,10,2,5,0,SJF
5,4.8,2.039607805437114,1.8,1.469693845669907,3.2,1.16619037896906,8,2,4,0,SJF
4,6.25,1.920286436967152,3.0,1.224744871391589,2.75,1.479019945774904,8,3,4,1,SJF
7,4.857142857142857,2.531435020952764,3.5714285714285716,1.4982983545287878,3.7142857142857144,1.0301575072754257,9,1,5,0,SJF
5,5.6,2.5768197453450252,3.0,1.8973665961010275,4.2,1.16619037896906,10,2,5,0,SJF
3,5.333333333333333,2.0548046676563256,1.6666666666666667,1.699673171197595,2.6666666666666665,1.247219128924647,8,3,4,0,SJF
7,7.142857142857143,1.8844151368961313,2.4285714285714284,1.5907898179514348,3.2857142857142856,1.2777531299998797,9,3,5,0,SJF
3,4.666666666666667,3.7712361663282534,2.0,1.632993161855452,2.6666666666666665,1.699673171197595,10,2,4,0,FCFS
7,5.571428571428571,2.718042512920064,1.7142857142857142,1.2777531299998797,2.7142857142857144,1.1605769149479943,9,1,4,0,SJF
5,3.8,3.3105890714493698,2.6,1.7435595774162693,3.2,0.7483314773547882,10,1,5,0,SJF
4,5.75,2.8613807855648994,3.5,2.0615528128088303,2.5,1.5,8,1,5,0,SJF
7,7.0,2.0,2.0,1.0690449676496976,3.0,1.3093073414159542,10,4,4,1,SJF
5,7.4,2.4979991993593593,3.0,1.7888543819998317,2.6,1.3564659966250538,10,4,5,0,SJF
4,4.5,2.8722813232690143,1.5,2.0615528128088303,4.0,1.224744871391589,9,1,5,0,SJF
5,5.8,2.785677655436824,2.6,1.624807680927192,3.0,1.2649110640673518,9,2,5,1,SJF
5,4.2,1.6,1.4,1.019803902718557,2.4,1.019803902718557,6,2,3,0,SJF
8,5.625,2.7357585785299112,2.0,1.4142135623730951,2.625,1.1110243021644486,10,1,4,0,SJF
6,6.333333333333333,2.494438257849294,2.8333333333333335,1.5723301886761007,3.3333333333333335,1.7950549357115015,10,2,5,0,FCFS
4,4.0,2.1213203435596424,2.25,1.7853571071357126,4.0,1.224744871391589,7,1,5,0,SJF
7,5.571428571428571,2.920721185751553,3.4285714285714284,1.6781914463529615,3.0,0.9258200997725514,9,1,5,1,SJF
8,4.625,2.2325713874364688,2.25,1.1989578808281798,2.5,0.8660254037844386,7,1,5,1,SJF
3,7.333333333333333,3.0912061651652345,2.3333333333333335,2.0548046676563256,3.3333333333333335,0.9428090415820634,10,3,5,0,SJF
4,5.5,2.958039891549808,2.0,1.0,3.75,0.4330127018922193,10,2,3,1,SJF
4,6.0,2.5495097567963922,2.25,1.920286436967152,3.75,1.0897247358851685,10,3,5,0,SJF
8,5.5,3.24037034920393,2.625,1.4086784586980805,3.5,1.5811388300841898,10,1,4,0,SJF
3,2.0,1.4142135623730951,2.0,2.160246899469287,2.6666666666666665,0.4714045207910317,4,1,5,0,FCFS
7,4.0,1.8516401995451028,1.5714285714285714,1.6781914463529615,3.7142857142857144,1.385051387833237,6,1,5,0,SJF
8,5.0,2.6457513110645907,1.875,1.6153559979150107,3.0,1.5811388300841898,9,1,5,0,SJF
7,5.857142857142857,3.562846832382836,1.1428571428571428,1.355261854357877,3.0,1.3093073414159542,10,1,4,0,SJF
5,8.0,3.521363372331802,2.2,0.7483314773547882,2.6,1.2000000000000002,10,1,3,1,FCFS
4,5.25,2.384848003542364,2.5,1.118033988749895,3.25,1.479019945774904,8,2,4,1,SJF
8,6.5,1.9364916731037085,3.0,1.224744871391589,2.625,1.3169567191065923,10,4,4,0,SJF
4,3.75,2.7726341266023544,3.5,1.118033988749895,3.5,1.5,7,1,5,2,SJF
7,7.285714285714286,2.2497165354319457,2.142857142857143,1.8070158058105026,2.857142857142857,1.456862718169367,10,3,5,0,SJF
7,5.0,2.6726124191242437,1.8571428571428572,1.8070158058105026,3.7142857142857144,1.0301575072754257,9,1,5,0,SJF
8,5.875,2.521780125229002,1.625,1.7275343701356567,3.375,1.7275343701356567,10,3,5,0,SJF
6,5.333333333333333,2.3570226039551585,1.8333333333333333,1.6749792701868151,2.5,1.3844373104863459,8,3,5,0,SJF
4,3.75,1.7853571071357126,2.5,2.5,3.0,2.0,6,1,5,0,FCFS
7,5.428571428571429,2.6649654437396615,2.142857142857143,1.9587584572574412,2.857142857142857,1.7261494247992246,10,2,5,0,SJF
3,6.333333333333333,2.494438257849294,2.3333333333333335,1.699673171197595,3.3333333333333335,0.9428090415820634,9,3,4,0,SJF
6,5.166666666666667,1.7716909687891083,3.6666666666666665,1.5986105077709065,2.3333333333333335,1.247219128924647,7,2,5,1,SJF
6,6.166666666666667,2.608745973749755,2.3333333333333335,1.5986105077709065,3.3333333333333335,1.4907119849998598,9,3,5,0,SJF
4,4.75,3.031088913245535,3.75,1.0897247358851685,2.25,1.299038105676658,10,3,5,2,SJF
7,5.0,3.4641016151377544,2.7142857142857144,1.4846149779161806,3.5714285714285716,1.178030178747903,10,1,5,1,SJF
4,5.0,1.4142135623730951,2.5,1.5,3.25,1.479019945774904,7,3,5,1,SJF
6,5.666666666666667,2.4267032964268394,2.5,1.5,2.5,1.3844373104863459,10,3,5,1,SJF
7,7.0,2.138089935299395,2.4285714285714284,1.2936264483053452,3.142857142857143,1.4568627181693672,10,4,5,1,SJF
3,8.666666666666666,0.9428090415820634,1.6666666666666667,1.247219128924647,3.3333333333333335,1.699673171197595,10,8,3,0,SJF
3,5.333333333333333,1.699673171197595,2.6666666666666665,1.699673171197595,2.0,0.816496580927726,7,3,5,1,FCFS
8,5.75,2.331844763272204,2.75,1.5612494995995996,2.25,1.6393596310755,9,3,5,0,SJF
6,5.666666666666667,3.496029493900505,2.8333333333333335,1.7716909687891083,3.0,1.1547005383792515,10,2,5,0,SJF
6,7.166666666666667,2.733536577809454,1.8333333333333333,1.0671873729054748,2.5,1.5,10,2,3,0,SJF
7,6.142857142857143,2.5872528966106905,3.857142857142857,1.5518257844571735,3.5714285714285716,1.2936264483053452,10,1,5,1,SJF
8,4.625,2.7810744326608736,1.625,1.5761900266148114,3.0,1.5,8,1,4,0,SJF
8,6.625,2.2878756522153907,4.125,0.9270248108869579,2.5,1.4142135623730951,9,2,5,2,SJF
7,5.428571428571429,2.5555062599997598,3.2857142857142856,1.1605769149479943,2.7142857142857144,1.2777531299998797,10,2,4,1,SJF
8,7.125,3.295356581616017,1.875,1.2686114456365274,4.0,1.0,10,2,4,1,SJF
4,8.0,2.345207879911715,2.25,1.7853571071357126,3.0,1.5811388300841898,10,4,5,0,FCFS
5,5.8,2.3151673805580453,1.8,1.8330302779823362,3.4,1.2000000000000002,10,3,4,0,SJF
7,4.428571428571429,3.0169588688489823,3.2857142857142856,1.749635530559413,3.0,1.3093073414159542,9,1,5,1,SJF
8,7.0,3.0413812651491097,1.75,1.713913650100261,3.0,1.8027756377319946,10,1,5,0,SJF
4,5.5,3.570714214271425,2.25,1.920286436967152,3.25,1.7853571071357126,10,2,5,0,SJF
6,4.333333333333333,2.8674417556808756,2.5,1.8929694486000912,3.1666666666666665,1.5723301886761007,10,2,5,0,SJF
4,7.5,1.8027756377319946,1.75,1.0897247358851685,3.0,1.4142135623730951,10,5,3,0,SJF
3,7.333333333333333,0.9428090415820634,2.3333333333333335,2.0548046676563256,2.3333333333333335,0.4714045207910317,8,6,5,0,SJF
4,5.75,3.112474899497183,3.0,1.4142135623730951,3.75,0.82915619758885,9,1,5,1,SJF
8,5.5,3.0,2.0,1.7320508075688772,3.0,1.224744871391589,10,1,5,0,SJF
8,4.25,3.031088913245535,3.25,1.5612494995995996,2.75,1.299038105676658,10,1,5,0,SJF
5,6.8,2.9933259094191533,2.8,1.6,4.2,1.6,9,1,5,1,SJF
4,7.5,1.118033988749895,3.5,2.0615528128088303,3.0,0.7071067811865476,9,6,5,0,SJF
7,5.142857142857143,3.1815796359028696,3.0,1.0690449676496976,2.7142857142857144,1.577908716741037,10,2,5,2,SJF
4,4.25,2.277608394786075,3.0,1.8708286933869707,3.25,1.299038105676658,8,2,5,0,FCFS
4,6.25,2.5860201081971503,2.5,1.118033988749895,2.25,1.0897247358851685,10,3,4,1,SJF
8,6.25,2.8613807855648994,1.875,1.7633419974582356,3.125,0.7806247497997998,10,1,5,0,SJF
8,4.75,2.7726341266023544,2.25,1.3919410907075054,3.5,0.7071067811865476,9,1,4,0,SJF
5,3.6,2.4166091947189146,3.4,1.8547236990991407,3.4,1.624807680927192,7,1,5,0,SJF
6,6.5,1.8929694486000912,2.6666666666666665,1.1055415967851334,3.0,1.1547005383792515,8,3,4,1,SJF
5,4.0,2.3664319132398464,1.2,1.4696938456699067,3.2,1.16619037896906,8,1,4,0,SJF
4,7.5,2.0615528128088303,2.75,1.479019945774904,3.0,1.4142135623730951,10,5,5,1,SJF
3,2.3333333333333335,1.247219128924647,3.0,1.4142135623730951,3.0,1.632993161855452,4,1,4,1,SJF
5,5.8,2.4,2.8,1.7204650534085253,2.4,0.4898979485566356,10,4,5,0,SJF
4,3.25,2.7726341266023544,3.75,1.299038105676658,2.5,0.8660254037844386,8,1,5,2,FCFS
8,4.75,2.947456530637899,2.25,1.984313483298443,2.875,1.165922381636102,10,2,5,0,SJF
4,5.0,1.8708286933869707,2.25,1.479019945774904,3.0,0.7071067811865476,7,2,4,0,FCFS
3,4.666666666666667,2.0548046676563256,2.0,0.816496580927726,3.0,1.632993161855452,7,2,3,1,SJF
3,6.0,2.943920288775949,4.333333333333333,0.9428090415820634,2.3333333333333335,1.247219128924647,10,3,5,3,FCFS
3,6.666666666666667,1.8856180831641267,1.6666666666666667,0.4714045207910317,4.333333333333333,0.9428090415820634,8,4,2,1,SJF
5,3.6,1.3564659966250538,3.4,1.624807680927192,2.6,0.8,5,2,5,1,SJF
3,8.333333333333334,0.9428090415820634,2.3333333333333335,1.8856180831641267,2.0,0.816496580927726,9,7,5,1,SJF
6,4.666666666666667,2.7487370837451075,1.6666666666666667,1.247219128924647,2.6666666666666665,1.4907119849998598,8,1,3,0,SJF
5,7.8,2.6381811916545836,4.0,1.2649110640673518,2.0,0.8944271909999159,10,3,5,2,FCFS
8,6.125,3.370367190678191,2.125,1.3635890143294642,2.75,1.3919410907075054,10,1,4,0,SJF
5,6.0,3.7416573867739413,1.8,1.7204650534085255,3.8,1.16619037896906,10,1,5,0,SJF
5,5.8,2.9257477676655586,1.2,1.1661903789690602,3.0,0.8944271909999159,10,2,3,0,SJF
4,5.0,2.23606797749979,2.5,1.8027756377319946,3.0,1.224744871391589,8,2,5,0,FCFS
5,3.4,2.0591260281974,1.8,1.32664991614216,2.8,0.7483314773547882,6,1,4,0,SJF
5,4.6,3.261901286060018,2.2,1.8330302779823362,2.2,1.469693845669907,9,1,4,0,SJF
4,6.25,2.384848003542364,3.5,1.118033988749895,3.5,1.118033988749895,9,3,5,2,SJF
6,7.666666666666667,2.2110831935702664,1.8333333333333333,1.3437096247164249,3.1666666666666665,1.0671873729054748,10,4,4,0,SJF
5,7.0,2.0976176963403033,3.2,1.8330302779823362,3.6,1.4966629547095764,9,4,5,1,SJF
6,5.833333333333333,2.034425935955617,2.8333333333333335,1.5723301886761005,3.0,1.2909944487358056,8,3,5,0,SJF
8,7.125,1.899835519196333,2.875,2.0879116360612584,2.75,1.299038105676658,10,4,5,0,SJF
4,4.5,2.5,2.75,1.479019945774904,3.75,1.0897247358851685,7,2,5,1,SJF
7,5.428571428571429,3.499271061118826,2.142857142857143,1.8844151368961315,3.142857142857143,1.2453996981544782,10,1,5,0,SJF
7,6.571428571428571,3.2007652146297256,2.142857142857143,1.8070158058105026,2.5714285714285716,0.7284313590846836,10,2,5,0,SJF
8,5.5,2.3979157616563596,2.25,1.5612494995995996,2.625,1.653594569415369,10,2,5,0,SJF
7,8.142857142857142,1.6413036132965795,3.0,1.6035674514745464,3.142857142857143,1.2453996981544782,10,6,5,1,SJF
5,6.2,3.1874754901018454,3.6,1.3564659966250538,2.6,1.3564659966250536,9,1,5,1,SJF
6,4.833333333333333,2.6087459737497545,3.6666666666666665,0.9428090415820634,3.3333333333333335,1.3743685418725535,8,1,5,2,SJF
7,4.857142857142857,2.695423180587601,1.8571428571428572,1.9587584572574415,3.0,1.3093073414159542,9,1,5,0,SJF
5,5.0,2.0976176963403033,3.4,1.7435595774162693,4.2,1.16619037896906,7,2,5,0,SJF
6,5.0,2.581988897471611,3.0,1.0,2.6666666666666665,0.9428090415820634,9,2,4,1,SJF
6,4.833333333333333,2.9107081994288304,1.5,1.707825127659933,2.6666666666666665,1.3743685418725535,8,1,5,0,SJF
6,7.166666666666667,2.967415635794143,3.0,1.5275252316519468,3.0,1.2909944487358056,10,3,4,0,SJF
4,6.5,2.958039891549808,2.75,1.7853571071357126,3.0,1.5811388300841898,10,2,5,0,SJF
5,6.6,1.9595917942265424,2.6,1.8547236990991407,1.8,1.1661903789690602,10,4,5,0,SJF
7,2.7142857142857144,1.0301575072754257,3.0,1.4142135623730951,3.142857142857143,1.6413036132965795,4,1,5,1,SJF
4,4.0,0.7071067811865476,3.5,1.5,4.0,0.0,5,3,5,1,FCFS
6,5.166666666666667,2.266911751455907,1.8333333333333333,1.21335164821342,1.6666666666666667,0.7453559924999299,9,2,4,0,SJF
8,4.75,2.8613807855648994,2.875,1.6909686573085854,2.375,1.2183492931011204,10,1,5,0,SJF
3,7.0,2.449489742783178,1.6666666666666667,1.699673171197595,1.3333333333333333,0.4714045207910317,10,4,4,0,SJF
5,5.6,2.33238075793812,1.6,1.3564659966250538,2.0,1.5491933384829668,8,2,4,0,SJF
8,5.625,2.9553976043842223,3.125,1.5360257159305635,3.625,1.4086784586980805,10,1,5,1,SJF
8,5.375,2.6427968139832467,1.625,1.2183492931011204,2.125,1.2686114456365274,9,1,4,0,SJF
7,6.142857142857143,2.899683304312063,2.857142857142857,1.456862718169367,2.5714285714285716,1.178030178747903,10,2,5,1,SJF
3,7.666666666666667,0.4714045207910317,2.6666666666666665,0.4714045207910317,1.6666666666666667,0.4714045207910317,8,7,3,2,FCFS
6,7.333333333333333,2.134374745810949,2.5,1.9790570145063195,3.1666666666666665,1.4624940645653537,10,4,5,0,SJF
5,4.4,3.0724582991474434,1.2,0.7483314773547883,3.4,1.624807680927192,10,1,2,0,SJF
8,5.125,3.179524335494226,3.375,1.3169567191065923,3.5,1.3228756555322954,10,1,5,1,SJF
8,3.875,1.964529205687714,2.125,1.165922381636102,2.875,1.6153559979150107,8,1,4,1,SJF
6,6.833333333333333,2.6718699236468995,3.1666666666666665,1.5723301886761007,2.6666666666666665,1.247219128924647,10,2,5,0,SJF
3,6.333333333333333,2.0548046676563256,3.0,0.816496580927726,4.333333333333333,0.4714045207910317,9,4,4,2,SJF
3,7.666666666666667,0.4714045207910317,3.0,0.816496580927726,3.6666666666666665,1.8856180831641267,8,7,4,2,SJF
6,3.1666666666666665,2.4094720491334933,2.8333333333333335,1.674979270186815,2.6666666666666665,1.1055415967851334,8,1,5,1,SJF
3,4.333333333333333,2.0548046676563256,2.0,2.160246899469287,2.6666666666666665,1.247219128924647,7,2,5,0,FCFS
5,5.8,3.3105890714493698,2.6,2.244994432064365,2.4,1.4966629547095764,10,1,5,0,SJF
3,6.0,2.160246899469287,1.6666666666666667,0.4714045207910317,2.0,1.4142135623730951,8,3,2,1,SJF
7,3.0,1.5118578920369088,2.4285714285714284,1.6781914463529615,3.0,1.0690449676496976,5,1,5,0,SJF
5,4.2,1.9390719429665317,2.8,1.7204650534085253,4.0,0.6324555320336759,8,3,5,0,SJF
5,6.4,2.65329983228432,3.6,1.3564659966250538,2.0,1.0954451150103321,10,3,5,2,SJF
3,4.666666666666667,2.357022603955158,2.6666666666666665,1.247219128924647,2.3333333333333335,0.9428090415820634,8,3,4,1,SJF
6,8.333333333333334,1.699673171197595,2.5,1.9790570145063195,3.8333333333333335,0.6871842709362768,10,6,5,0,SJF
3,4.0,3.559026084010437,1.0,1.4142135623730951,2.6666666666666665,0.9428090415820634,9,1,3,0,FCFS
3,6.0,2.943920288775949,1.6666666666666667,0.4714045207910317,3.3333333333333335,0.9428090415820634,9,2,2,1,FCFS
8,6.625,2.7810744326608736,3.125,1.6153559979150107,3.125,1.6909686573085854,10,1,5,0,SJF
3,6.666666666666667,3.39934634239519,1.3333333333333333,1.247219128924647,3.6666666666666665,1.247219128924647,10,2,3,0,SJF
8,5.125,2.8034576865007255,1.75,1.6393596310755,3.25,1.479019945774904,10,1,5,0,SJF
5,7.2,2.4,2.4,1.7435595774162693,3.2,1.16619037896906,10,3,5,0,SJF
4,8.5,1.6583123951777,3.0,1.8708286933869707,2.25,1.299038105676658,10,6,5,0,SJF
7,5.142857142857143,2.7479120088101916,2.7142857142857144,1.577908716741037,3.0,1.4142135623730951,10,2,5,0,SJF
8,5.5,2.6457513110645907,2.25,1.920286436967152,3.0,1.3228756555322954,10,3,5,0,SJF
5,4.8,2.4,3.8,1.469693845669907,3.0,1.2649110640673518,7,1,5,1,SJF
7,5.428571428571429,2.2587697572631282,2.7142857142857144,1.6659862556700857,3.7142857142857144,0.880630571852711,9,2,5,0,FCFS
4,4.0,2.345207879911715,2.5,1.5,3.0,1.0,8,2,5,1,FCFS
5,4.4,2.1540659228538015,2.4,1.3564659966250536,3.8,1.469693845669907,7,1,4,0,SJF
7,7.142857142857143,1.8844151368961315,3.0,1.3093073414159542,3.7142857142857144,1.0301575072754257,10,5,5,1,SJF
8,5.0,2.8284271247461903,2.0,1.0,2.75,0.9682458365518543,10,1,3,0,SJF
7,5.0,2.9277002188455996,2.142857142857143,1.9587584572574412,3.4285714285714284,1.2936264483053452,8,1,5,0,SJF
7,5.142857142857143,1.9587584572574412,3.2857142857142856,1.8294640678379568,3.0,1.4142135623730951,8,2,5,0,SJF
6,4.833333333333333,1.7716909687891083,3.0,1.8257418583505538,1.8333333333333333,0.6871842709362768,7,2,5,0,SJF
7,5.428571428571429,2.821202522590214,3.857142857142857,1.5518257844571735,2.7142857142857144,0.880630571852711,10,1,5,1,SJF
4,3.75,3.031088913245535,2.5,2.0615528128088303,2.75,0.4330127018922193,9,2,5,0,FCFS
3,2.3333333333333335,1.8856180831641267,1.3333333333333333,1.247219128924647,3.0,1.632993161855452,5,1,3,0,FCFS
6,4.166666666666667,2.3392781412697,3.0,1.5275252316519468,3.6666666666666665,1.3743685418725535,7,1,5,1,SJF
8,6.0,2.0615528128088303,3.0,1.5,2.75,1.3919410907075054,10,3,5,0,SJF
4,3.75,2.680951323690902,2.75,1.479019945774904,3.0,1.5811388300841898,8,1,5,1,RR
4,4.75,2.0463381929681126,2.75,1.6393596310755,3.25,0.4330127018922193,8,3,4,0,SJF
3,2.6666666666666665,1.247219128924647,2.0,2.160246899469287,3.3333333333333335,1.247219128924647,4,1,5,0,FCFS
6,5.333333333333333,2.6246692913372707,1.5,1.3844373104863459,4.0,1.1547005383792515,10,2,4,0,SJF
4,6.75,3.2691742076555053,3.75,0.82915619758885,2.5,0.5,10,3,5,3,SJF
6,3.6666666666666665,2.0548046676563256,2.0,2.0816659994661326,2.8333333333333335,1.2133516482134197,7,2,5,0,SJF
7,5.428571428571429,2.871393034605969,3.4285714285714284,1.2936264483053452,2.2857142857142856,1.0301575072754257,10,1,5,2,SJF
6,4.833333333333333,3.131382371342656,1.5,1.2583057392117916,3.5,1.5,10,1,3,0,SJF
7,5.285714285714286,2.864276807966203,3.2857142857142856,1.2777531299998799,2.4285714285714284,1.2936264483053452,8,2,5,1,SJF
8,6.5,2.29128784747792,2.25,1.6393596310755,3.375,1.5761900266148114,10,3,4,0,SJF
8,5.375,2.394655507583502,3.0,1.9364916731037085,3.0,1.5,9,1,5,0,SJF
5,6.0,3.1622776601683795,2.2,2.039607805437114,2.0,1.2649110640673518,10,1,5,0,SJF
7,7.142857142857143,2.7479120088101916,2.5714285714285716,1.2936264483053452,3.4285714285714284,1.178030178747903,10,1,5,1,SJF
5,7.2,2.7856776554368237,2.4,1.7435595774162693,2.8,0.9797958971132712,10,3,5,0,SJF
8,5.375,2.057759704144291,2.0,1.5811388300841898,2.625,1.7275343701356567,10,3,5,0,SJF
6,5.5,2.6299556396765835,2.8333333333333335,1.5723301886761007,2.3333333333333335,1.247219128924647,9,1,5,0,SJF
4,2.5,1.118033988749895,3.0,0.7071067811865476,2.25,1.6393596310755,4,1,4,2,SJF
7,5.0,1.6903085094570331,2.142857142857143,1.6413036132965795,2.857142857142857,1.456862718169367,8,3,5,0,SJF
4,5.75,2.0463381929681126,2.5,1.118033988749895,4.25,0.82915619758885,9,4,4,1,FCFS
6,6.666666666666667,1.699673171197595,2.8333333333333335,1.343709624716425,2.6666666666666665,1.247219128924647,10,5,4,0,SJF
6,5.333333333333333,3.0368111930481,2.8333333333333335,0.8975274678557507,3.1666666666666665,1.8633899812498247,10,1,4,2,SJF
3,6.333333333333333,2.8674417556808756,2.0,2.160246899469287,2.3333333333333335,1.247219128924647,10,3,5,0,SJF
4,6.5,3.0413812651491097,2.75,1.299038105676658,3.25,1.0897247358851685,10,3,4,1,SJF
4,5.75,1.479019945774904,2.25,1.920286436967152,2.0,0.7071067811865476,8,4,5,0,SJF
7,6.714285714285714,2.813959371941744,2.2857142857142856,1.9059520091609048,3.4285714285714284,1.3997084244475304,10,2,5,0,SJF
4,4.5,3.0413812651491097,2.25,0.82915619758885,3.0,0.7071067811865476,8,1,3,1,FCFS
5,3.8,1.7204650534085255,3.6,1.2000000000000002,3.2,0.9797958971132712,6,1,5,2,SJF
8,7.0,2.6457513110645907,1.875,1.6909686573085854,3.125,1.165922381636102,10,3,5,0,SJF
4,7.75,1.299038105676658,1.75,1.920286436967152,4.0,1.0,9,6,5,0,SJF
4,6.0,3.1622776601683795,1.25,0.82915619758885,3.5,1.118033988749895,10,2,2,0,SJF
6,3.6666666666666665,2.211083193570267,2.5,1.3844373104863459,2.1666666666666665,1.4624940645653537,8,2,4,0,SJF
7,7.285714285714286,2.1189138534559038,3.7142857142857144,1.2777531299998797,2.7142857142857144,1.2777531299998797,10,4,5,2,SJF
3,7.666666666666667,0.4714045207910317,2.0,2.160246899469287,2.6666666666666665,0.4714045207910317,8,7,5,0,SJF
6,6.333333333333333,2.981423969999719,2.3333333333333335,2.1343747458109497,2.3333333333333335,1.5986105077709065,10,2,5,0,SJF
5,8.0,2.756809750418044,2.8,1.7204650534085253,3.4,1.3564659966250536,10,3,5,0,SJF
6,7.833333333333333,1.5723301886761005,2.0,2.23606797749979,2.8333333333333335,1.21335164821342,10,5,5,0,SJF
3,6.0,3.7416573867739413,2.6666666666666665,1.247219128924647,2.0,1.4142135623730951,10,1,4,1,SJF
8,4.625,3.314268395890713,2.5,1.224744871391589,3.0,1.8027756377319946,9,1,4,1,SJF
6,6.166666666666667,1.7716909687891083,2.0,1.2909944487358056,3.3333333333333335,1.247219128924647,9,4,4,0,SJF
8,5.0,3.605551275463989,2.375,1.79843682124227,2.375,1.1110243021644486,10,1,5,0,SJF
4,4.5,2.598076211353316,1.25,0.82915619758885,4.25,0.82915619758885,8,2,2,0,FCFS
6,6.666666666666667,3.4960294939005054,1.8333333333333333,1.3437096247164249,3.5,1.5,10,1,4,0,SJF
6,3.6666666666666665,2.4267032964268394,3.3333333333333335,1.3743685418725535,2.8333333333333335,1.8633899812498247,8,1,5,1,SJF
6,5.166666666666667,2.1147629234082532,1.3333333333333333,1.3743685418725535,3.1666666666666665,1.3437096247164249,8,1,4,0,SJF
6,8.5,1.3844373104863459,3.0,1.8257418583505538,3.1666666666666665,1.3437096247164249,10,6,5,0,SJF
3,3.0,0.816496580927726,3.0,2.160246899469287,4.0,0.816496580927726,4,2,5,0,FCFS
5,4.8,2.4,2.8,1.469693845669907,3.0,1.6733200530681511,9,2,5,1,SJF
8,6.375,3.5685256059050494,2.625,1.5761900266148114,2.375,1.4086784586980805,10,1,5,1,SJF
4,4.25,2.277608394786075,2.5,1.8027756377319946,4.0,0.7071067811865476,8,2,5,0,SJF
6,3.6666666666666665,2.98142396999972,3.5,1.707825127659933,2.3333333333333335,1.1055415967851334,10,1,5,0,SJF
8,5.375,1.8666480653835098,2.875,2.0879116360612584,2.5,1.4142135623730951,9,3,5,0,SJF
3,6.0,1.632993161855452,1.3333333333333333,0.9428090415820634,4.666666666666667,0.4714045207910317,8,4,2,0,FCFS
7,7.0,2.5634797778466227,2.7142857142857144,1.6659862556700857,3.2857142857142856,1.0301575072754257,10,3,5,0,SJF
8,6.0,3.1622776601683795,1.625,1.5761900266148114,3.625,1.4086784586980805,10,1,4,0,SJF
8,3.625,2.8256636388643286,1.625,1.8666480653835098,3.0,1.0,10,1,4,0,SJF
4,6.25,3.112474899497183,2.5,1.118033988749895,3.25,1.7853571071357126,9,1,4,1,SJF
7,3.7142857142857144,2.1852940772540506,2.0,1.5118578920369088,3.5714285714285716,1.049781318335648,7,1,4,0,SJF
8,6.0,3.0,3.0,1.5811388300841898,2.625,1.4086784586980805,9,1,5,0,SJF
5,4.0,2.9664793948382653,3.2,1.7204650534085253,3.4,1.624807680927192,9,1,5,0,SJF
5,4.6,2.8705400188814645,3.8,1.16619037896906,2.6,1.3564659966250538,9,2,5,2,SJF
6,7.833333333333333,2.4094720491334933,1.8333333333333333,1.21335164821342,3.0,1.5275252316519468,10,3,4,0,SJF
6,5.5,3.304037933599835,2.3333333333333335,1.9720265943665387,2.8333333333333335,1.0671873729054748,10,2,5,0,SJF
8,6.125,3.0998991919093113,2.75,0.9682458365518543,2.875,1.4523687548277813,9,1,5,2,SJF
4,1.5,0.5,4.0,1.224744871391589,3.0,1.224744871391589,2,1,5,2,SJF
7,5.285714285714286,2.762725657973388,1.8571428571428572,1.4568627181693672,3.5714285714285716,1.3997084244475302,9,1,4,0,SJF
6,5.166666666666667,2.6087459737497545,3.0,1.1547005383792515,1.8333333333333333,1.2133516482134197,9,1,4,1,SJF
7,6.428571428571429,1.761261143705422,2.857142857142857,1.4568627181693672,3.2857142857142856,1.0301575072754257,9,4,5,1,SJF
8,4.5,2.0,1.75,1.3919410907075054,2.875,1.2686114456365274,8,2,4,0,SJF
3,5.666666666666667,1.699673171197595,2.6666666666666665,1.699673171197595,1.6666666666666667,0.4714045207910317,8,4,5,1,SJF
8,4.75,3.072051431861127,2.375,1.4086784586980805,3.75,1.0897247358851685,10,1,4,0,SJF
8,5.125,2.7128168017763383,2.75,1.7853571071357126,3.375,0.9921567416492215,10,1,5,0,SJF
3,4.666666666666667,1.699673171197595,1.0,1.4142135623730951,2.6666666666666665,0.4714045207910317,7,3,3,0,SJF
5,6.8,2.785677655436824,2.8,1.6,2.8,1.16619037896906,10,2,4,0,SJF
5,4.4,1.8547236990991407,3.8,1.16619037896906,2.4,1.3564659966250536,7,2,5,2,SJF
4,6.75,1.7853571071357126,3.0,1.224744871391589,2.75,1.299038105676658,9,5,4,1,SJF
5,7.0,2.449489742783178,1.8,0.7483314773547883,2.4,0.8,9,4,3,1,SJF
5,6.0,2.9664793948382653,2.4,1.854723699099141,3.8,1.16619037896906,9,1,5,0,SJF
7,6.428571428571429,1.178030178747903,3.0,1.5118578920369088,3.5714285714285716,1.2936264483053452,8,5,5,0,SJF
4,4.75,3.897114317029974,3.5,1.5,2.0,1.7320508075688772,10,1,5,2,SJF
6,5.0,2.581988897471611,3.0,1.4142135623730951,4.0,1.5275252316519468,8,1,5,1,SJF
5,4.0,0.8944271909999159,2.8,1.32664991614216,4.2,1.16619037896906,5,3,5,1,SJF
5,6.2,2.5612496949731396,2.2,2.3151673805580453,2.6,1.019803902718557,10,3,5,0,SJF
4,7.25,1.6393596310755,2.25,1.479019945774904,3.75,1.0897247358851685,10,6,4,0,SJF
7,7.714285714285714,2.0503857277724746,2.7142857142857144,1.665986255670086,2.7142857142857144,1.1605769149479943,10,4,5,0,SJF
3,6.666666666666667,2.6246692913372702,2.6666666666666665,1.699673171197595,3.3333333333333335,0.9428090415820634,9,3,5,1,SJF
8,5.25,1.7853571071357126,3.5,1.8027756377319946,3.5,1.5811388300841898,8,3,5,0,SJF
4,3.5,2.8722813232690143,4.0,0.7071067811865476,3.25,1.7853571071357126,8,1,5,3,RR
7,6.428571428571429,2.920721185751553,1.2857142857142858,1.0301575072754254,2.857142857142857,1.4568627181693672,9,1,3,0,SJF
3,9.0,1.4142135623730951,0.6666666666666666,0.4714045207910317,2.6666666666666665,1.247219128924647,10,7,1,0,SJF
4,4.5,2.29128784747792,2.25,1.479019945774904,3.25,0.4330127018922193,7,1,4,0,SJF
5,5.2,2.3151673805580453,2.2,1.16619037896906,2.8,1.469693845669907,9,2,4,1,SJF
7,5.285714285714286,3.1943828249996997,1.7142857142857142,1.4846149779161806,1.7142857142857142,1.1605769149479943,10,1,4,0,SJF
5,5.8,3.249615361854384,3.6,1.8547236990991407,3.2,1.6,10,2,5,0,SJF
4,6.0,2.5495097567963922,3.5,1.118033988749895,3.25,1.0897247358851685,9,3,5,2,SJF
3,5.333333333333333,2.0548046676563256,3.6666666666666665,1.8856180831641267,3.6666666666666665,0.4714045207910317,8,3,5,1,SJF
7,5.714285714285714,2.4907993963089563,2.857142857142857,1.8070158058105026,2.7142857142857144,1.385051387833237,10,1,5,0,SJF
7,5.857142857142857,2.531435020952764,1.4285714285714286,0.9035079029052513,2.0,0.9258200997725514,10,2,3,0,SJF
4,5.75,1.6393596310755,2.75,2.277608394786075,2.5,1.5,7,3,5,0,SJF
3,5.333333333333333,1.247219128924647,1.6666666666666667,0.9428090415820634,3.0,1.4142135623730951,7,4,3,1,SJF
3,3.6666666666666665,2.494438257849294,2.3333333333333335,2.0548046676563256,1.6666666666666667,0.4714045207910317,7,1,5,0,FCFS
4,5.5,2.0615528128088303,2.0,1.5811388300841898,3.0,1.5811388300841898,8,3,4,0,FCFS
7,5.142857142857143,2.231499907401901,2.142857142857143,1.6413036132965795,3.4285714285714284,1.2936264483053452,8,3,5,0,SJF
7,4.285714285714286,2.657296462534039,1.5714285714285714,1.6781914463529615,3.0,1.1952286093343936,9,1,4,0,SJF
4,6.5,2.958039891549808,2.25,1.7853571071357126,3.0,1.224744871391589,10,2,4,0,FCFS
7,5.428571428571429,2.2587697572631282,0.8571428571428571,0.8329931278350429,2.7142857142857144,1.4846149779161804,8,1,2,0,SJF
6,4.333333333333333,2.9249881291307074,2.5,1.2583057392117916,3.1666666666666665,1.3437096247164249,9,1,5,1,FCFS
4,5.0,2.9154759474226504,3.0,1.8708286933869707,2.5,1.6583123951777,9,1,5,0,SJF
5,4.8,3.1874754901018454,3.8,0.9797958971132712,3.2,1.6,9,1,5,2,SJF
5,4.2,2.3151673805580453,2.0,1.4142135623730951,3.2,0.7483314773547882,8,1,4,0,SJF
8,6.0,2.7386127875258306,3.375,1.3169567191065923,3.375,1.4947825928876748,10,3,5,1,SJF
4,5.75,2.680951323690902,2.25,1.7853571071357126,2.75,1.479019945774904,10,3,4,0,SJF
6,5.333333333333333,2.2852182001336816,2.0,1.0,3.0,1.632993161855452,8,1,4,1,SJF
5,5.8,3.3105890714493698,3.8,1.469693845669907,3.4,1.3564659966250538,10,1,5,2,SJF
8,5.625,3.2379584617471546,2.25,1.8540496217739157,2.875,1.5360257159305635,10,2,5,0,SJF
6,5.833333333333333,2.4776781245530843,3.0,1.5275252316519468,3.5,1.5,10,2,5,1,SJF
8,5.875,2.4206145913796355,3.25,1.5612494995995996,2.75,1.1989578808281798,9,2,5,0,SJF
3,6.0,0.816496580927726,3.0,1.632993161855452,4.666666666666667,0.4714045207910317,7,5,5,1,SJF
6,4.833333333333333,2.793842435706702,2.5,2.217355782608345,2.6666666666666665,1.699673171197595,9,1,5,0,SJF
8,5.625,2.7810744326608736,2.125,1.6909686573085854,3.75,1.1989578808281798,10,1,5,0,SJF
5,7.0,1.6733200530681511,2.0,1.7888543819998317,2.6,0.8,9,4,5,0,SJF
4,6.0,3.082207001484488,2.75,1.920286436967152,3.25,1.479019945774904,9,1,5,0,SJF
6,6.833333333333333,2.91070819942883,3.0,2.160246899469287,2.3333333333333335,1.3743685418725535,10,1,5,0,SJF
5,5.8,2.785677655436824,4.0,1.5491933384829668,4.0,0.8944271909999159,10,3,5,1,SJF
7,5.285714285714286,3.238795442501324,2.2857142857142856,1.3850513878332367,3.5714285714285716,1.498298354528788,9,1,4,0,SJF
5,4.6,3.0066592756745814,1.2,0.9797958971132713,2.0,1.2649110640673518,8,1,2,0,SJF
7,8.0,1.8516401995451028,2.5714285714285716,1.761261143705422,3.857142857142857,1.5518257844571737,10,5,5,0,SJF
4,5.25,3.031088913245535,3.5,1.5,2.5,1.118033988749895,9,1,5,1,SJF
3,8.0,0.816496580927726,3.6666666666666665,1.247219128924647,1.3333333333333333,0.4714045207910317,9,7,5,2,SJF
4,4.0,2.345207879911715,3.75,1.0897247358851685,4.0,0.7071067811865476,8,2,5,2,SJF
5,7.6,2.727636339397171,2.0,1.6733200530681511,3.4,1.624807680927192,10,3,4,0,SJF
6,6.5,2.362907813126304,2.3333333333333335,2.0548046676563256,3.5,1.2583057392117916,9,3,5,0,SJF
3,6.666666666666667,2.0548046676563256,2.0,1.632993161855452,3.6666666666666665,1.8856180831641267,9,4,4,0,FCFS
7,6.0,2.32992949004287,1.5714285714285714,1.178030178747903,3.5714285714285716,1.3997084244475304,9,2,3,0,SJF
6,6.333333333333333,2.8087165910587863,1.6666666666666667,1.699673171197595,3.8333333333333335,1.4624940645653537,9,1,5,0,SJF
8,5.625,2.341874249399399,3.625,1.653594569415369,3.5,1.0,10,3,5,0,SJF
4,4.5,3.570714214271425,4.0,1.224744871391589,2.5,1.118033988749895,9,1,5,2,FCFS
6,6.5,2.5,3.3333333333333335,1.4907119849998598,3.3333333333333335,1.699673171197595,9,2,5,1,SJF
4,5.0,2.9154759474226504,2.25,1.0897247358851685,2.75,1.7853571071357126,9,1,4,1,SJF
6,6.666666666666667,2.2852182001336816,3.1666666666666665,1.7716909687891083,3.5,1.5,10,4,5,0,SJF
5,4.2,1.6,2.4,0.8,2.4,0.8,6,2,3,1,SJF
3,5.333333333333333,2.494438257849294,2.0,1.4142135623730951,1.3333333333333333,0.4714045207910317,8,2,4,1,SJF
3,7.0,1.4142135623730951,0.3333333333333333,0.4714045207910317,3.3333333333333335,0.9428090415820634,9,6,1,0,FCFS
6,5.333333333333333,2.8674417556808756,3.0,1.632993161855452,3.5,1.6072751268321592,9,2,5,0,SJF
6,5.666666666666667,2.748737083745107,1.5,1.2583057392117916,3.5,1.3844373104863459,9,2,4,0,SJF
4,4.0,2.7386127875258306,1.25,1.299038105676658,2.75,1.299038105676658,8,1,3,0,SJF
4,5.25,2.48746859276655,2.5,1.5,3.25,1.299038105676658,7,1,4,1,FCFS
5,4.6,3.0724582991474434,3.2,1.6,2.8,1.6,10,2,5,1,SJF
3,4.666666666666667,1.699673171197595,2.3333333333333335,1.699673171197595,4.0,0.816496580927726,7,3,4,0,SJF
8,3.625,2.496873044429772,2.25,1.920286436967152,3.5,1.4142135623730951,8,1,5,0,SJF
4,7.75,2.165063509461097,3.25,1.479019945774904,2.0,1.0,9,4,5,1,SJF
5,5.4,2.5768197453450252,2.0,1.4142135623730951,3.2,1.469693845669907,9,3,4,0,SJF
4,5.0,2.1213203435596424,3.25,0.82915619758885,2.5,1.5,8,2,4,2,SJF
3,5.666666666666667,3.0912061651652345,3.6666666666666665,1.247219128924647,2.3333333333333335,0.9428090415820634,10,3,5,2,FCFS
4,5.75,2.384848003542364,2.75,1.7853571071357126,2.25,1.6393596310755,9,3,5,1,SJF
7,5.571428571428571,2.0603150145508513,2.5714285714285716,1.761261143705422,2.4285714285714284,1.3997084244475304,9,3,5,0,SJF
6,4.5,2.565800719723442,2.3333333333333335,0.9428090415820634,3.0,1.5275252316519468,10,2,4,1,SJF
3,8.0,2.160246899469287,2.6666666666666665,0.4714045207910317,2.3333333333333335,0.4714045207910317,10,5,3,2,SJF
3,6.666666666666667,1.699673171197595,2.3333333333333335,1.699673171197595,2.6666666666666665,1.699673171197595,9,5,4,0,FCFS
5,7.4,2.4166091947189146,2.0,2.0976176963403033,2.6,1.624807680927192,10,3,5,0,SJF
7,6.142857142857143,3.1815796359028696,2.857142857142857,1.4568627181693672,3.2857142857142856,1.2777531299998799,10,1,5,0,SJF
3,3.0,2.160246899469287,2.3333333333333335,1.699673171197595,2.3333333333333335,1.247219128924647,6,1,4,0,SJF
3,4.0,2.160246899469287,4.0,0.816496580927726,4.0,0.816496580927726,6,1,5,3,FCFS
3,7.333333333333333,2.0548046676563256,1.6666666666666667,1.247219128924647,2.0,1.4142135623730951,10,5,3,0,SJF
6,4.833333333333333,3.131382371342656,2.6666666666666665,1.247219128924647,3.3333333333333335,1.1055415967851334,10,1,5,1,SJF
4,4.25,1.7853571071357126,3.5,1.118033988749895,4.5,0.5,7,2,5,2,SJF
5,4.0,2.0,2.8,0.7483314773547882,3.0,1.6733200530681511,7,1,4,2,SJF
8,5.375,1.9324531042175384,2.5,1.118033988749895,2.375,1.3169567191065923,8,2,4,1,SJF
5,6.2,2.7856776554368237,3.0,1.6733200530681511,3.2,1.16619037896906,9,1,5,0,SJF
4,8.0,1.8708286933869707,4.75,0.4330127018922193,2.75,1.479019945774904,10,5,5,4,SJF
7,3.7142857142857144,1.8294640678379568,3.857142857142857,1.3552618543578767,2.4285714285714284,1.3997084244475302,7,1,5,2,SJF
6,4.833333333333333,2.3392781412697,2.1666666666666665,1.4624940645653537,2.6666666666666665,0.7453559924999298,8,1,4,0,SJF
7,5.0,3.3380918415851206,2.142857142857143,1.8844151368961313,2.7142857142857144,1.1605769149479943,10,1,5,0,SJF
6,4.333333333333333,2.494438257849294,3.0,1.9148542155126762,2.6666666666666665,1.3743685418725535,8,1,5,0,FCFS
5,4.0,2.1908902300206643,2.2,1.469693845669907,3.4,1.3564659966250536,7,1,4,0,SJF
3,4.666666666666667,1.8856180831641267,3.0,1.632993161855452,3.6666666666666665,0.4714045207910317,6,2,5,1,FCFS
6,7.0,2.0816659994661326,3.0,0.816496580927726,3.5,1.3844373104863459,10,5,4,2,SJF
8,4.25,2.331844763272204,2.875,1.4523687548277813,3.25,1.6393596310755,8,1,5,1,SJF
3,4.666666666666667,2.8674417556808756,2.3333333333333335,1.699673171197595,3.3333333333333335,1.699673171197595,8,1,4,0,FCFS
5,5.6,2.4166091947189146,2.2,1.469693845669907,3.6,1.4966629547095764,8,1,4,0,SJF
3,6.666666666666667,2.357022603955158,3.6666666666666665,0.9428090415820634,2.6666666666666665,1.247219128924647,10,5,5,3,FCFS
3,5.333333333333333,2.8674417556808756,1.6666666666666667,1.699673171197595,2.6666666666666665,1.247219128924647,9,2,4,0,SJF
3,6.0,0.816496580927726,1.6666666666666667,0.4714045207910317,2.6666666666666665,1.247219128924647,7,5,2,1,FCFS
8,7.125,3.6890886408434267,2.375,1.79843682124227,2.625,1.3169567191065923,10,1,5,0,SJF
5,3.6,1.624807680927192,1.0,0.8944271909999159,3.4,0.8,6,2,2,0,SJF
7,4.857142857142857,2.8499910490371434,2.2857142857142856,1.577908716741037,2.5714285714285716,1.293626448305345,10,2,4,0,SJF
6,2.6666666666666665,1.5986105077709065,1.6666666666666667,1.4907119849998596,3.3333333333333335,1.4907119849998596,6,1,4,0,SJF
5,4.6,2.870540018881465,3.4,1.3564659966250538,3.0,1.0954451150103321,10,2,5,2,SJF
3,6.666666666666667,4.0276819911981905,1.6666666666666667,2.357022603955158,2.6666666666666665,1.699673171197595,10,1,5,0,FCFS
7,5.857142857142857,1.6413036132965795,3.142857142857143,1.5518257844571737,3.4285714285714284,1.498298354528788,8,3,5,0,SJF
4,3.5,2.692582403567252,3.25,0.82915619758885,2.0,1.0,8,1,4,2,FCFS
8,5.75,2.48746859276655,3.5,2.0,3.125,1.2686114456365274,10,1,5,0,SJF
6,5.166666666666667,2.733536577809454,1.8333333333333333,1.863389981249825,2.8333333333333335,1.3437096247164249,9,1,4,0,SJF
7,4.714285714285714,1.8294640678379568,2.5714285714285716,1.5907898179514348,3.857142857142857,0.832993127835043,8,2,5,0,SJF
8,6.5,3.4641016151377544,2.375,1.996089927833914,2.75,1.0897247358851685,10,2,5,0,SJF
5,7.4,3.2619012860600183,3.4,1.3564659966250538,2.2,1.6,10,1,5,2,SJF
7,4.714285714285714,3.0572763655760995,2.2857142857142856,1.9059520091609048,2.7142857142857144,1.2777531299998799,9,1,5,0,SJF
6,4.666666666666667,2.924988129130708,3.0,1.5275252316519468,3.3333333333333335,1.3743685418725535,10,1,5,1,SJF
6,4.5,2.4324199198877374,3.3333333333333335,1.7950549357115013,3.0,1.1547005383792515,9,1,5,0,SJF
6,8.5,1.118033988749895,3.5,1.8027756377319946,3.3333333333333335,1.4907119849998596,10,7,5,0,SJF
3,5.666666666666667,3.299831645537222,4.666666666666667,0.4714045207910317,3.3333333333333335,1.247219128924647,8,1,5,4,FCFS
8,4.375,2.9553976043842223,2.125,1.6153559979150107,2.75,1.299038105676658,10,1,5,0,SJF
7,4.571428571428571,3.4166459266003995,1.8571428571428572,1.124858267715973,3.2857142857142856,1.2777531299998797,10,1,3,0,SJF
3,6.333333333333333,2.494438257849294,2.3333333333333335,0.9428090415820634,2.3333333333333335,0.4714045207910317,9,3,3,1,SJF
3,7.333333333333333,0.9428090415820634,1.6666666666666667,1.699673171197595,4.0,0.816496580927726,8,6,4,0,SJF
7,3.5714285714285716,2.498979383505129,2.5714285714285716,1.8405855323893037,2.5714285714285716,1.049781318335648,9,1,5,0,SJF
6,5.0,3.1091263510296048,3.0,1.632993161855452,2.1666666666666665,1.3437096247164249,10,1,5,0,SJF
5,5.2,3.54400902933387,1.6,1.2,3.0,1.4142135623730951,10,2,3,0,SJF
8,5.875,1.6153559979150107,2.625,1.7275343701356567,2.875,0.7806247497997998,9,4,5,0,SJF
7,4.285714285714286,2.813959371941744,2.4285714285714284,1.761261143705422,2.7142857142857144,1.0301575072754257,9,1,5,0,SJF
6,7.5,1.8929694486000912,2.1666666666666665,1.3437096247164249,3.6666666666666665,0.9428090415820634,10,5,4,0,SJF
5,5.8,2.925747767665559,1.6,1.3564659966250538,2.4,1.2000000000000002,10,1,4,0,SJF
3,2.6666666666666665,1.699673171197595,2.6666666666666665,1.699673171197595,3.0,0.816496580927726,5,1,5,1,RR
7,4.285714285714286,2.4327694808466287,1.5714285714285714,1.6781914463529615,3.2857142857142856,1.577908716741037,7,1,4,0,SJF
3,4.0,2.160246899469287,2.3333333333333335,1.247219128924647,4.333333333333333,0.4714045207910317,7,2,4,1,SJF
8,5.5,2.3979157616563596,2.875,1.8328597873268975,3.25,1.5612494995995996,10,2,5,0,SJF
4,4.5,2.0615528128088303,1.25,2.165063509461097,4.0,1.224744871391589,8,3,5,0,SJF
7,5.857142857142857,2.166535841157586,2.5714285714285716,1.8405855323893037,3.4285714285714284,1.3997084244475304,10,4,5,0,SJF
4,4.25,2.48746859276655,3.0,1.5811388300841898,2.75,1.479019945774904,8,2,5,1,SJF
3,4.0,2.160246899469287,1.0,0.816496580927726,3.3333333333333335,0.4714045207910317,6,1,2,0,FCFS
7,3.4285714285714284,2.381904571504724,2.142857142857143,1.456862718169367,2.2857142857142856,1.2777531299998797,7,1,5,0,SJF
4,7.5,1.5,1.75,1.920286436967152,2.75,1.7853571071357126,9,6,5,0,SJF
6,5.0,2.581988897471611,2.1666666666666665,2.266911751455907,3.3333333333333335,1.4907119849998598,9,2,5,0,SJF
7,5.428571428571429,2.0603150145508513,4.142857142857143,1.355261854357877,2.7142857142857144,1.0301575072754257,9,2,5,1,SJF
4,3.75,1.479019945774904,3.75,1.6393596310755,3.5,0.5,6,2,5,1,SJF
7,6.857142857142857,2.641891715558133,2.857142857142857,1.8070158058105024,3.5714285714285716,1.178030178747903,9,1,5,0,SJF
8,6.375,1.1110243021644486,2.0,1.6583123951777,3.0,1.4142135623730951,8,5,4,0,SJF
8,6.375,2.7357585785299112,2.875,1.899835519196333,2.875,0.9270248108869579,10,2,5,0,SJF
8,4.875,2.2603926650031405,2.75,1.8540496217739157,3.125,1.5360257159305635,9,2,5,0,SJF
8,6.875,3.018174116912409,2.5,2.0615528128088303,3.625,1.5761900266148114,10,2,5,0,SJF
5,4.8,2.6381811916545836,2.2,1.16619037896906,2.2,0.9797958971132712,9,2,4,1,SJF
8,3.5,2.345207879911715,1.125,1.5360257159305635,3.0,1.118033988749895,8,1,4,0,SJF
6,5.666666666666667,2.1343747458109497,3.1666666666666665,1.9507833184532708,2.1666666666666665,1.2133516482134197,9,3,5,0,SJF
3,6.666666666666667,0.4714045207910317,1.0,0.816496580927726,2.3333333333333335,0.9428090415820634,7,6,2,0,FCFS
6,5.666666666666667,2.748737083745107,2.8333333333333335,2.1921577396609844,2.8333333333333335,1.4624940645653537,10,2,5,0,SJF
6,3.8333333333333335,3.0776975521032313,3.0,2.23606797749979,3.5,1.118033988749895,9,1,5,0,SJF
5,7.2,2.4819347291981715,2.8,1.6,3.2,1.16619037896906,10,3,5,1,SJF
6,5.666666666666667,3.4960294939005054,2.0,1.7320508075688772,1.6666666666666667,1.4907119849998596,10,1,4,0,SJF
8,5.875,3.370367190678191,2.75,1.8540496217739157,3.125,1.6153559979150107,10,2,5,0,SJF
6,6.0,3.2145502536643185,1.8333333333333333,1.5723301886761007,3.3333333333333335,1.4907119849998596,10,1,4,0,SJF
4,8.0,2.1213203435596424,3.75,0.82915619758885,3.5,1.118033988749895,10,5,5,3,SJF
8,3.875,1.964529205687714,1.75,1.3919410907075054,3.375,1.3169567191065923,7,1,4,0,SJF
7,4.571428571428571,2.3819045715047236,3.4285714285714284,1.3997084244475304,2.857142857142857,0.8329931278350429,9,2,5,1,SJF
7,6.571428571428571,2.3211538298959886,1.2857142857142858,1.0301575072754254,3.5714285714285716,1.6781914463529615,10,4,3,0,SJF
7,6.428571428571429,2.969229955832361,2.5714285714285716,1.9897697538834456,2.2857142857142856,1.2777531299998799,10,1,5,0,SJF
6,5.166666666666667,3.624760528488591,2.3333333333333335,1.8856180831641267,4.166666666666667,0.8975274678557507,10,1,5,0,SJF
6,6.833333333333333,2.1921577396609844,1.8333333333333333,1.462494064565354,3.0,1.2909944487358056,10,4,4,0,SJF
8,5.0,2.8722813232690143,2.375,2.1758618981911515,3.625,1.4947825928876748,10,2,5,0,SJF
7,3.857142857142857,3.3135467156409146,3.0,1.8516401995451028,3.857142857142857,1.355261854357877,9,1,5,0,SJF
3,6.0,2.943920288775949,4.333333333333333,0.4714045207910317,3.0,0.0,10,3,5,4,SJF
8,4.875,2.2043990110685496,2.375,1.8666480653835098,1.75,0.6614378277661477,9,2,5,0,SJF
6,5.666666666666667,2.285218200133681,1.1666666666666667,1.0671873729054748,2.1666666666666665,0.8975274678557507,9,3,3,0,SJF
8,8.125,1.7633419974582356,1.875,1.3635890143294642,2.625,1.1110243021644486,10,5,4,0,SJF
7,6.0,2.878491668515698,2.5714285714285716,1.9897697538834456,3.4285714285714284,1.178030178747903,9,1,5,0,SJF
3,3.6666666666666665,3.091206165165235,0.6666666666666666,0.9428090415820634,2.3333333333333335,1.247219128924647,8,1,2,0,RR
6,4.333333333333333,2.494438257849294,2.3333333333333335,1.699673171197595,3.5,1.2583057392117916,8,1,5,0,SJF
5,7.6,3.006659275674582,2.8,1.7204650534085253,3.2,1.469693845669907,10,2,5,0,SJF
7,3.857142857142857,2.531435020952764,2.5714285714285716,1.6781914463529615,2.7142857142857144,1.577908716741037,8,1,5,0,SJF
3,6.666666666666667,2.0548046676563256,2.3333333333333335,0.4714045207910317,3.3333333333333335,1.247219128924647,9,4,3,2,SJF
8,5.625,3.0388114452858046,2.0,1.5811388300841898,2.875,1.5360257159305635,10,1,5,0,SJF
5,3.6,2.4166091947189146,3.0,0.8944271909999159,3.8,1.469693845669907,8,1,4,2,SJF
3,4.666666666666667,2.357022603955158,2.0,0.816496580927726,4.0,0.816496580927726,8,3,3,1,FCFS
4,3.75,2.384848003542364,2.25,0.82915619758885,2.5,1.6583123951777,7,1,3,1,SJF
3,4.333333333333333,1.699673171197595,1.6666666666666667,0.4714045207910317,2.6666666666666665,0.4714045207910317,6,2,2,1,SJF
8,5.5,2.345207879911715,4.375,0.6959705453537527,3.0,1.224744871391589,10,2,5,3,SJF
4,9.0,0.7071067811865476,2.75,1.299038105676658,2.5,1.118033988749895,10,8,5,2,FCFS
5,5.2,2.039607805437114,1.4,1.019803902718557,3.8,1.16619037896906,9,3,3,0,SJF
8,7.25,3.2307119958300214,3.75,0.9682458365518543,3.125,1.165922381636102,10,1,5,2,SJF
7,3.7142857142857144,1.9059520091609048,2.142857142857143,2.0303814862216996,2.7142857142857144,1.2777531299998797,8,2,5,0,SJF
6,4.666666666666667,2.6874192494328497,1.8333333333333333,2.034425935955617,2.5,1.3844373104863459,10,2,5,0,SJF
7,4.857142857142857,2.9965967090575756,2.5714285714285716,1.2936264483053452,2.5714285714285716,1.049781318335648,10,1,4,0,SJF
5,5.6,2.727636339397171,2.4,1.019803902718557,2.4,1.3564659966250538,9,2,4,1,SJF
6,4.833333333333333,2.608745973749755,2.5,2.0615528128088303,3.6666666666666665,1.3743685418725535,9,1,5,0,SJF
3,7.0,4.242640687119285,1.6666666666666667,1.247219128924647,4.333333333333333,0.9428090415820634,10,1,3,0,SJF
6,5.0,2.581988897471611,2.0,1.5275252316519468,3.5,1.5,9,2,4,0,SJF
6,4.833333333333333,3.287180487219337,2.3333333333333335,1.3743685418725535,3.6666666666666665,1.247219128924647,9,1,5,1,SJF
5,6.0,3.7416573867739413,2.4,1.019803902718557,2.2,1.16619037896906,10,1,4,1,SJF
8,5.875,2.2603926650031405,2.375,0.9921567416492215,3.625,1.4947825928876748,9,2,3,0,SJF
6,6.5,1.5,3.0,1.8257418583505538,2.1666666666666665,1.343709624716425,8,4,5,0,SJF
8,5.625,3.314268395890713,3.25,1.6393596310755,3.375,1.3169567191065923,10,1,5,1,SJF
7,5.285714285714286,1.749635530559413,2.4285714285714284,1.761261143705422,2.7142857142857144,1.0301575072754257,7,3,5,0,SJF
4,4.75,2.165063509461097,1.75,1.479019945774904,3.0,1.224744871391589,8,2,4,0,FCFS
6,7.833333333333333,2.4094720491334933,2.0,1.5275252316519468,3.5,1.8027756377319946,10,3,4,0,SJF
8,5.75,3.2307119958300214,1.375,1.79843682124227,3.625,1.3169567191065923,10,2,4,0,SJF
5,5.8,2.6381811916545836,1.0,1.5491933384829668,3.2,1.32664991614216,9,3,4,0,SJF
4,5.25,1.479019945774904,2.25,1.0897247358851685,3.0,1.5811388300841898,7,3,4,1,SJF
3,3.6666666666666665,1.8856180831641267,1.0,1.4142135623730951,2.3333333333333335,1.247219128924647,5,1,3,0,SJF
8,5.125,2.6190408549696205,2.25,1.984313483298443,2.875,1.5360257159305635,9,1,5,0,SJF
8,5.125,2.9764702249476644,1.375,1.2183492931011204,3.5,1.224744871391589,9,1,3,0,SJF
8,6.625,3.0388114452858046,1.875,1.3635890143294642,2.25,0.9682458365518543,10,1,4,0,SJF
4,3.5,2.598076211353316,1.5,1.118033988749895,3.0,1.224744871391589,7,1,3,0,SJF
7,5.428571428571429,2.871393034605969,2.5714285714285716,1.3997084244475304,2.4285714285714284,1.498298354528788,10,1,5,1,SJF
3,3.3333333333333335,2.6246692913372702,2.0,1.4142135623730951,2.0,0.816496580927726,7,1,3,0,SJF
3,6.666666666666667,3.39934634239519,2.3333333333333335,1.8856180831641267,2.6666666666666665,1.699673171197595,10,2,5,1,FCFS
7,5.857142857142857,2.6954231805876008,4.0,0.7559289460184544,4.0,1.3093073414159542,9,1,5,3,SJF
5,5.4,3.1368774282716245,3.4,1.3564659966250538,2.4,1.4966629547095764,9,1,5,1,SJF
3,5.666666666666667,2.357022603955158,2.6666666666666665,1.247219128924647,4.0,0.816496580927726,9,4,4,1,SJF
6,5.0,2.3804761428476167,1.1666666666666667,1.4624940645653537,3.6666666666666665,1.5986105077709065,9,1,4,0,SJF
6,4.166666666666667,3.2360813064912666,1.3333333333333333,1.3743685418725535,2.1666666666666665,1.4624940645653537,8,1,4,0,SJF
4,7.0,3.5355339059327378,1.5,1.5,2.75,0.4330127018922193,10,1,3,0,SJF
6,6.5,2.9297326385411577,2.6666666666666665,1.5986105077709065,2.6666666666666665,1.7950549357115015,10,1,4,0,SJF
4,7.25,1.920286436967152,2.75,1.7853571071357126,3.75,0.82915619758885,10,5,5,0,FCFS
8,5.125,2.6190408549696205,2.0,1.6583123951777,3.5,1.5811388300841898,9,1,5,0,SJF
8,5.125,2.666341125962693,1.5,1.118033988749895,3.75,1.0897247358851685,10,1,4,0,SJF
5,4.6,3.3823069050575527,2.8,1.9390719429665317,3.4,1.019803902718557,9,1,5,0,FCFS
5,4.2,2.6381811916545836,4.0,1.5491933384829668,3.8,0.7483314773547882,9,2,5,1,FCFS
3,5.0,2.160246899469287,3.3333333333333335,1.247219128924647,3.3333333333333335,1.699673171197595,8,3,5,2,SJF
8,5.0,3.0,2.0,2.0,3.0,1.5,9,1,5,0,SJF
8,5.625,2.8256636388643286,1.875,1.7633419974582356,3.25,1.3919410907075054,10,1,5,0,SJF
6,4.166666666666667,2.034425935955617,3.0,1.2909944487358056,2.0,1.1547005383792515,7,1,5,1,SJF
5,6.0,2.6076809620810595,1.4,1.3564659966250538,2.6,1.3564659966250536,10,3,4,0,SJF
3,7.666666666666667,0.4714045207910317,2.0,2.160246899469287,3.3333333333333335,0.4714045207910317,8,7,5,0,FCFS
6,4.333333333333333,3.34995854037363,1.6666666666666667,1.4907119849998596,3.0,1.1547005383792515,10,1,4,0,SJF
6,7.333333333333333,1.9720265943665387,2.6666666666666665,1.49071198499986,3.1666666666666665,1.3437096247164249,10,4,5,1,SJF
3,9.333333333333334,0.4714045207910317,2.6666666666666665,1.8856180831641267,1.0,0.0,10,9,4,0,SJF
4,6.0,2.5495097567963922,2.0,1.224744871391589,3.25,1.0897247358851685,10,3,4,1,SJF
7,5.857142857142857,2.695423180587601,1.4285714285714286,0.9035079029052512,3.4285714285714284,1.3997084244475304,10,2,3,0,SJF
6,4.0,2.886751345948129,3.1666666666666665,1.674979270186815,2.3333333333333335,1.1055415967851334,10,1,5,0,SJF
8,4.25,1.984313483298443,2.125,1.8328597873268975,3.0,1.3228756555322954,7,1,5,0,SJF
6,6.333333333333333,3.5433819375782165,2.1666666666666665,2.034425935955617,2.6666666666666665,1.4907119849998598,10,1,5,0,SJF
8,4.875,2.8034576865007255,2.75,1.8540496217739157,3.0,1.4142135623730951,10,1,5,0,SJF
7,6.857142857142857,3.2261685116103473,2.7142857142857144,1.2777531299998799,2.7142857142857144,1.1605769149479945,10,1,5,1,SJF
4,7.25,2.384848003542364,2.0,1.8708286933869707,2.75,1.479019945774904,10,4,5,0,SJF
6,5.166666666666667,2.6718699236468995,2.6666666666666665,1.8856180831641267,3.1666666666666665,1.0671873729054748,8,1,4,0,SJF
3,6.0,2.943920288775949,1.6666666666666667,0.9428090415820634,3.0,0.816496580927726,9,2,3,1,FCFS
5,6.6,2.4166091947189146,2.8,1.16619037896906,2.6,0.8,10,3,4,1,SJF
8,4.875,2.6190408549696205,2.25,1.920286436967152,2.5,1.7320508075688772,9,1,5,0,SJF
3,2.0,0.816496580927726,1.0,1.4142135623730951,3.0,1.632993161855452,3,1,3,0,SJF
7,3.2857142857142856,2.0503857277724746,2.2857142857142856,1.749635530559413,3.857142857142857,1.355261854357877,7,1,5,0,SJF
7,5.142857142857143,2.531435020952764,1.8571428571428572,1.7261494247992246,2.7142857142857144,1.1605769149479945,9,1,5,0,SJF
5,7.4,1.9595917942265424,2.8,1.6,2.6,1.2,10,4,5,1,SJF
6,5.166666666666667,2.4776781245530843,1.5,0.9574271077563381,3.0,1.5275252316519468,8,2,3,0,SJF
8,3.375,2.496873044429772,2.875,1.6909686573085854,2.125,1.0532687216470449,9,1,4,0,SJF
7,6.571428571428571,2.718042512920064,2.5714285714285716,1.5907898179514348,3.5714285714285716,1.178030178747903,10,2,5,1,SJF
5,4.8,2.638181191654584,2.6,2.0591260281974,2.0,1.2649110640673518,10,3,5,0,SJF
8,3.875,2.5708704751503917,3.125,1.0532687216470449,2.375,1.3169567191065923,9,1,5,2,SJF
7,7.0,2.5634797778466227,3.142857142857143,1.8070158058105024,4.0,0.7559289460184544,10,2,5,0,SJF
7,3.857142857142857,2.948538205792899,2.857142857142857,1.6413036132965795,2.4285714285714284,1.049781318335648,9,1,5,0,SJF
7,6.428571428571429,2.2587697572631282,2.142857142857143,2.0995626366712954,1.7142857142857142,1.3850513878332367,10,2,5,0,SJF
4,5.0,2.7386127875258306,2.5,1.5,3.0,1.5811388300841898,8,1,4,0,SJF
5,7.0,2.6832815729997477,2.2,1.6,4.0,1.0954451150103321,10,2,5,0,SJF
4,7.5,2.0615528128088303,3.0,1.5811388300841898,3.5,1.5,9,4,5,1,SJF
6,6.333333333333333,2.6874192494328497,2.3333333333333335,1.3743685418725535,2.8333333333333335,1.3437096247164249,9,1,5,1,SJF
8,6.375,3.1598061649411346,2.25,1.479019945774904,2.125,1.4523687548277813,10,1,5,0,SJF
6,4.666666666666667,2.2852182001336816,4.333333333333333,0.7453559924999298,3.1666666666666665,0.8975274678557507,8,1,5,3,SJF
7,7.0,2.0701966780270626,1.8571428571428572,1.8070158058105026,3.0,1.6035674514745464,9,3,5,0,SJF
8,6.5,2.958039891549808,1.875,1.6153559979150107,3.25,1.479019945774904,10,2,5,0,SJF
7,3.857142857142857,2.7994168488950604,2.857142857142857,1.6413036132965795,2.7142857142857144,1.979486637221574,9,1,5,0,SJF
4,6.0,2.9154759474226504,1.75,0.82915619758885,1.75,0.82915619758885,10,2,3,1,SJF
5,4.6,1.0198039027185568,1.8,1.9390719429665317,3.8,0.9797958971132712,6,3,5,0,SJF
4,3.25,1.7853571071357126,3.75,0.82915619758885,3.25,1.0897247358851685,5,1,5,3,SJF
3,5.0,3.559026084010437,1.3333333333333333,1.8856180831641267,4.333333333333333,0.9428090415820634,10,2,4,0,RR
4,4.0,2.5495097567963922,2.0,1.5811388300841898,3.5,1.5,8,1,4,0,SJF
7,5.571428571428571,3.5799897388976194,2.7142857142857144,1.3850513878332367,2.142857142857143,1.355261854357877,10,1,5,1,SJF
3,4.333333333333333,3.39934634239519,4.333333333333333,0.4714045207910317,3.6666666666666665,1.8856180831641267,9,1,5,4,SJF
7,5.428571428571429,3.063944369932459,3.0,1.5118578920369088,2.7142857142857144,1.4846149779161804,10,2,5,1,SJF
6,4.333333333333333,1.4907119849998596,2.0,1.632993161855452,3.5,1.6072751268321592,6,2,4,0,SJF
5,5.0,2.898275349237888,2.2,1.8330302779823362,3.0,1.4142135623730951,10,1,4,0,SJF
3,6.333333333333333,3.0912061651652345,3.0,0.816496580927726,2.0,0.0,9,2,4,2,SJF
5,3.6,2.4166091947189146,3.8,1.469693845669907,3.0,1.4142135623730951,8,1,5,1,SJF
8,6.875,2.8476964374736293,1.875,1.6153559979150107,3.0,1.5811388300841898,10,1,5,0,SJF
6,5.0,2.0,2.0,1.8257418583505538,2.1666666666666665,1.0671873729054748,8,2,5,0,SJF
6,5.166666666666667,2.034425935955617,1.3333333333333333,1.3743685418725535,3.3333333333333335,1.247219128924647,7,2,3,0,SJF
3,5.0,0.0,2.3333333333333335,0.9428090415820634,2.0,0.816496580927726,5,5,3,1,FCFS
3,7.333333333333333,3.7712361663282534,3.0,2.160246899469287,3.6666666666666665,1.247219128924647,10,2,5,0,FCFS
3,4.333333333333333,2.494438257849294,2.6666666666666665,1.699673171197595,4.333333333333333,0.9428090415820634,7,1,5,1,SJF
7,6.428571428571429,2.821202522590214,3.2857142857142856,1.2777531299998797,2.4285714285714284,1.498298354528788,10,2,5,2,SJF
3,2.3333333333333335,1.247219128924647,1.6666666666666667,1.247219128924647,3.0,1.632993161855452,4,1,3,0,FCFS
7,7.428571428571429,1.3997084244475304,1.1428571428571428,1.5518257844571737,4.571428571428571,0.4948716593053935,9,6,4,0,SJF
5,6.4,2.4166091947189146,3.6,1.019803902718557,2.8,1.32664991614216,9,3,5,2,SJF
8,5.625,2.2878756522153907,1.625,1.3169567191065923,2.875,1.3635890143294642,9,2,4,0,SJF
8,6.25,3.2307119958300214,2.625,1.8666480653835098,3.875,0.9270248108869579,10,1,5,0,SJF
4,6.75,2.384848003542364,4.25,1.299038105676658,2.5,1.118033988749895,10,4,5,2,FCFS
8,6.625,2.6896793489187516,3.0,1.5,2.75,1.6393596310755,10,3,4,0,SJF
8,6.375,2.595067436503337,2.375,1.4086784586980805,3.375,1.4086784586980805,9,2,5,1,SJF
4,7.0,2.7386127875258306,2.0,1.0,2.0,1.7320508075688772,10,3,3,1,SJF
5,6.0,3.3466401061363023,3.4,1.2000000000000002,4.0,0.8944271909999159,9,1,5,2,SJF
4,6.0,2.345207879911715,3.0,2.0,3.0,1.224744871391589,10,4,5,1,SJF
3,6.0,2.160246899469287,3.6666666666666665,0.9428090415820634,3.3333333333333335,1.699673171197595,9,4,5,3,SJF
3,6.333333333333333,2.357022603955158,0.3333333333333333,0.4714045207910317,2.6666666666666665,0.9428090415820634,8,3,1,0,FCFS
4,4.25,3.112474899497183,1.75,1.479019945774904,3.25,0.82915619758885,9,1,4,0,SJF
3,7.666666666666667,1.8856180831641267,3.3333333333333335,2.3570226039551585,3.0,1.632993161855452,9,5,5,0,FCFS
7,6.0,2.878491668515698,2.857142857142857,1.7261494247992246,2.7142857142857144,1.3850513878332367,10,1,5,0,SJF
4,5.5,3.2015621187164243,4.5,0.5,2.0,1.224744871391589,10,1,5,4,SJF
7,5.857142857142857,2.231499907401901,1.5714285714285714,1.5907898179514348,3.7142857142857144,1.577908716741037,9,2,4,0,SJF
3,8.333333333333334,1.699673171197595,0.6666666666666666,0.9428090415820634,2.6666666666666665,1.699673171197595,10,6,2,0,SJF
3,7.0,1.632993161855452,4.333333333333333,0.4714045207910317,2.3333333333333335,1.8856180831641267,9,5,5,4,SJF
4,4.25,3.491060010942235,3.25,2.0463381929681126,2.75,0.82915619758885,10,1,5,0,FCFS
6,6.166666666666667,3.131382371342656,1.6666666666666667,1.795054935711501,3.5,1.5,10,1,5,0,SJF
4,5.0,4.06201920231798,0.25,0.4330127018922193,3.75,1.0897247358851685,10,1,1,0,SJF
7,4.571428571428571,2.718042512920064,2.7142857142857144,2.1189138534559038,2.5714285714285716,1.3997084244475304,8,2,5,0,SJF
5,8.2,1.6,0.6,0.7999999999999999,3.8,1.16619037896906,10,6,2,0,SJF
6,5.5,2.29128784747792,3.5,1.6072751268321592,2.8333333333333335,1.3437096247164249,8,1,5,1,SJF
6,4.0,1.9148542155126762,2.0,1.2909944487358056,2.0,0.816496580927726,7,2,4,0,SJF
6,6.666666666666667,2.748737083745107,2.3333333333333335,1.247219128924647,3.8333333333333335,1.4624940645653537,10,3,4,0,SJF
5,4.0,2.9664793948382653,2.4,1.4966629547095764,2.4,1.3564659966250536,9,1,5,1,SJF
6,3.6666666666666665,2.2852182001336816,2.1666666666666665,1.462494064565354,3.3333333333333335,1.4907119849998598,8,1,4,0,SJF
5,4.6,3.7202150475476548,2.6,1.624807680927192,3.0,1.2649110640673518,10,1,5,0,SJF
3,5.666666666666667,3.39934634239519,1.6666666666666667,1.247219128924647,3.3333333333333335,1.247219128924647,9,1,3,0,FCFS
6,6.333333333333333,2.494438257849294,3.1666666666666665,1.4624940645653537,2.5,0.7637626158259734,10,3,5,1,SJF
6,6.0,3.5118845842842465,2.6666666666666665,1.3743685418725535,3.3333333333333335,1.247219128924647,10,1,4,0,SJF
8,4.25,2.7271780286589284,2.25,1.479019945774904,3.5,1.4142135623730951,10,1,4,0,SJF
6,5.5,1.707825127659933,2.3333333333333335,1.3743685418725535,3.0,1.7320508075688772,8,3,5,1,SJF
5,5.2,3.4292856398964493,1.6,1.2,3.6,0.4898979485566356,10,1,3,0,SJF
6,7.166666666666667,2.91070819942883,2.8333333333333335,1.0671873729054748,3.3333333333333335,0.9428090415820634,10,2,5,2,SJF
6,8.0,2.309401076758503,3.8333333333333335,1.7716909687891083,2.6666666666666665,1.4907119849998598,10,4,5,0,SJF
3,5.666666666666667,2.494438257849294,2.0,2.160246899469287,2.0,1.4142135623730951,9,3,5,0,FCFS
3,2.6666666666666665,0.4714045207910317,1.6666666666666667,1.699673171197595,2.3333333333333335,1.247219128924647,3,2,4,0,FCFS
6,6.833333333333333,2.1921577396609844,2.8333333333333335,1.674979270186815,2.8333333333333335,1.3437096247164249,9,3,5,1,SJF
5,3.4,1.854723699099141,1.2,0.7483314773547883,4.0,0.6324555320336759,6,1,2,0,SJF
5,7.8,1.6,2.0,1.6733200530681511,4.0,0.8944271909999159,10,6,5,0,SJF
8,8.0,1.7320508075688772,2.125,1.4523687548277813,2.5,1.5,10,4,4,0,SJF
5,1.6,1.2,2.4,1.854723699099141,2.4,1.3564659966250538,4,1,5,0,FCFS
4,7.5,2.29128784747792,1.75,1.0897247358851685,2.75,1.479019945774904,10,4,3,0,SJF
7,5.142857142857143,3.1815796359028696,2.7142857142857144,2.1852940772540506,3.0,1.4142135623730951,10,2,5,0,SJF
6,5.5,1.8929694486000912,3.1666666666666665,1.2133516482134197,3.0,1.1547005383792515,8,3,5,1,SJF
5,6.6,1.0198039027185568,3.6,1.4966629547095764,3.8,0.7483314773547882,8,5,5,1,SJF
5,4.6,2.5768197453450252,2.8,2.039607805437114,3.4,1.3564659966250538,8,1,5,0,SJF
4,3.75,2.384848003542364,0.5,0.5,1.25,0.4330127018922193,7,1,1,0,SJF
3,9.0,0.0,3.6666666666666665,1.247219128924647,2.3333333333333335,1.247219128924647,9,9,5,2,FCFS
7,6.0,2.449489742783178,2.4285714285714284,1.498298354528788,1.8571428571428572,0.8329931278350429,8,1,4,0,SJF
8,6.625,2.2878756522153907,2.125,1.5360257159305635,4.125,0.9270248108869579,10,3,4,0,SJF
8,7.5,2.179449471770337,2.5,1.118033988749895,2.125,0.7806247497997998,10,4,5,1,SJF
4,4.0,1.5811388300841898,2.0,1.224744871391589,3.25,0.82915619758885,6,2,3,0,SJF
3,4.0,1.4142135623730951,3.3333333333333335,1.699673171197595,2.6666666666666665,1.247219128924647,5,2,5,1,FCFS
7,5.142857142857143,2.9965967090575756,1.8571428571428572,1.6413036132965795,3.7142857142857144,1.1605769149479943,10,1,4,0,SJF
3,3.0,0.816496580927726,4.0,1.4142135623730951,2.3333333333333335,0.9428090415820634,4,2,5,2,FCFS
8,4.25,2.537222891273055,2.25,1.7853571071357126,3.625,1.3169567191065923,8,1,4,0,SJF
3,6.0,1.632993161855452,3.6666666666666665,1.8856180831641267,2.6666666666666665,0.9428090415820634,8,4,5,1,SJF
8,5.5,3.427827300200522,1.625,1.653594569415369,3.0,1.224744871391589,10,1,4,0,SJF
5,7.4,2.33238075793812,2.8,1.32664991614216,3.6,1.019803902718557,10,3,5,1,SJF
4,7.0,1.224744871391589,1.75,1.479019945774904,2.75,1.479019945774904,9,6,4,0,FCFS
8,4.625,2.057759704144291,3.375,1.9324531042175384,3.875,1.165922381636102,7,1,5,0,SJF
6,6.0,3.2145502536643185,2.0,1.632993161855452,3.6666666666666665,1.3743685418725535,9,1,5,0,SJF
7,4.0,2.0,2.0,1.0690449676496976,3.2857142857142856,1.6659862556700857,7,1,4,1,SJF
8,5.5,3.8078865529319543,2.875,1.165922381636102,4.0,1.224744871391589,10,1,4,1,SJF
7,4.714285714285714,1.979486637221574,2.857142857142857,1.9587584572574412,2.857142857142857,1.3552618543578767,8,2,5,0,SJF
8,5.5,2.7838821814150108,2.0,2.0615528128088303,3.375,1.4947825928876748,9,1,5,0,SJF
8,5.25,3.418698582794336,3.0,2.1213203435596424,3.375,1.3169567191065923,10,1,5,0,SJF
5,2.6,2.244994432064365,3.0,2.0976176963403033,3.0,1.7888543819998317,7,1,5,0,SJF
8,6.625,1.996089927833914,1.875,1.899835519196333,2.5,1.5811388300841898,10,4,4,0,SJF
3,5.0,2.449489742783178,4.0,1.4142135623730951,4.666666666666667,0.4714045207910317,8,2,5,2,FCFS
3,5.666666666666667,3.299831645537222,0.6666666666666666,0.4714045207910317,4.0,0.0,10,2,1,0,SJF
8,4.625,2.7810744326608736,2.75,1.299038105676658,3.125,0.7806247497997998,10,1,5,1,SJF
6,6.5,3.095695936834452,2.5,1.9790570145063195,2.6666666666666665,1.4907119849998598,10,2,5,0,SJF
8,5.375,3.07967124868873,2.5,1.5811388300841898,3.125,1.6153559979150107,10,1,5,0,SJF
4,6.0,2.345207879911715,3.0,1.5811388300841898,3.5,1.118033988749895,8,2,5,1,FCFS
3,6.0,2.943920288775949,1.6666666666666667,1.247219128924647,2.6666666666666665,1.247219128924647,9,2,3,0,SJF
3,5.333333333333333,3.2998316455372216,1.3333333333333333,0.4714045207910317,3.3333333333333335,0.4714045207910317,9,1,2,1,SJF
4,4.0,1.224744871391589,1.75,0.82915619758885,3.5,1.118033988749895,5,2,3,1,SJF
3,6.333333333333333,3.299831645537222,2.6666666666666665,1.247219128924647,3.3333333333333335,1.247219128924647,10,2,4,1,SJF
4,5.0,2.449489742783178,2.75,1.7853571071357126,3.5,1.6583123951777,9,3,5,0,FCFS
7,7.714285714285714,2.249716535431946,1.5714285714285714,1.049781318335648,2.5714285714285716,1.8405855323893037,10,3,3,0,SJF
7,4.857142857142857,2.747912008810192,3.142857142857143,1.5518257844571737,2.4285714285714284,1.3997084244475304,8,2,5,0,SJF
7,4.857142857142857,2.6418917155581325,2.857142857142857,2.0995626366712954,3.0,0.7559289460184544,10,1,5,0,SJF
4,7.25,2.277608394786075,2.75,1.920286436967152,2.75,1.299038105676658,10,5,5,0,SJF
6,6.0,2.0,2.5,1.5,3.0,1.7320508075688772,9,3,5,0,SJF
3,5.333333333333333,3.299831645537222,2.0,0.816496580927726,1.3333333333333333,0.4714045207910317,9,1,3,1,FCFS
4,6.5,3.3541019662496847,4.5,0.5,3.25,1.7853571071357126,10,1,5,4,SJF
8,3.75,1.984313483298443,2.25,1.479019945774904,2.625,1.5761900266148114,7,1,5,0,SJF
8,4.5,2.0,2.125,1.6153559979150107,4.5,0.5,8,2,5,0,SJF
4,4.5,3.5,2.5,2.0615528128088303,2.75,1.299038105676658,10,1,5,0,SJF
3,3.3333333333333335,3.2998316455372216,3.0,2.160246899469287,3.3333333333333335,1.699673171197595,8,1,5,0,RR
4,7.25,2.165063509461097,2.75,1.7853571071357126,2.5,1.118033988749895,10,4,5,1,SJF
7,6.428571428571429,2.498979383505129,2.2857142857142856,1.3850513878332367,3.0,1.4142135623730951,10,2,4,0,SJF
6,6.5,3.947573094109004,3.0,1.7320508075688772,2.8333333333333335,1.2133516482134197,10,1,5,1,SJF
5,5.8,2.785677655436824,2.4,1.4966629547095767,2.6,1.019803902718557,9,1,4,0,SJF
7,3.2857142857142856,2.4327694808466287,3.142857142857143,2.0995626366712954,2.7142857142857144,1.749635530559413,8,1,5,0,SJF
7,3.7142857142857144,2.4907993963089563,2.7142857142857144,1.979486637221574,2.7142857142857144,1.2777531299998799,8,1,5,0,SJF
3,4.666666666666667,2.8674417556808756,1.6666666666666667,1.247219128924647,2.6666666666666665,0.9428090415820634,8,1,3,0,FCFS
7,4.428571428571429,2.6649654437396615,2.857142857142857,1.7261494247992246,2.7142857142857144,1.1605769149479945,10,1,5,0,SJF
5,6.2,2.7129319932501073,2.6,1.4966629547095767,2.2,1.16619037896906,10,2,5,1,SJF
5,5.8,1.9390719429665317,2.8,1.16619037896906,2.0,0.8944271909999159,7,2,4,1,SJF
5,6.4,2.0591260281974,3.4,1.624807680927192,3.6,1.019803902718557,9,3,5,1,SJF
8,4.75,3.307189138830738,3.0,1.224744871391589,2.875,1.3635890143294642,10,1,4,1,SJF
7,5.285714285714286,2.9137254363387344,2.5714285714285716,1.4982983545287878,2.7142857142857144,1.749635530559413,10,1,5,0,SJF
5,6.2,2.7129319932501077,2.8,1.32664991614216,2.4,0.8000000000000002,10,2,5,1,FCFS
6,2.8333333333333335,1.5723301886761007,1.5,1.2583057392117916,4.166666666666667,0.8975274678557507,6,1,3,0,SJF
8,5.75,3.344772040064913,2.0,1.5,3.625,1.2183492931011204,10,1,5,0,SJF
7,4.857142857142857,2.356060357495806,3.7142857142857144,1.6659862556700857,3.5714285714285716,1.178030178747903,8,1,5,0,SJF
4,4.25,1.6393596310755,2.5,1.6583123951777,3.75,0.82915619758885,7,3,5,1,SJF
5,4.0,2.5298221281347035,3.4,1.4966629547095767,4.0,1.0954451150103321,7,1,5,1,SJF
3,4.333333333333333,1.699673171197595,1.3333333333333333,1.247219128924647,3.3333333333333335,0.9428090415820634,6,2,3,0,SJF
5,4.8,2.7856776554368237,2.8,1.6,3.2,0.7483314773547882,10,2,5,1,SJF
8,4.625,2.496873044429772,1.375,0.9921567416492215,2.5,1.4142135623730951,9,1,3,0,SJF
5,6.8,2.1354156504062622,3.4,1.3564659966250536,3.0,1.2649110640673518,9,3,5,2,SJF
6,4.666666666666667,2.6246692913372702,3.0,1.1547005383792515,2.6666666666666665,1.247219128924647,9,1,4,1,SJF
8,6.75,2.0463381929681126,2.625,1.4086784586980805,2.625,1.653594569415369,10,4,5,0,SJF
3,4.0,0.816496580927726,0.6666666666666666,0.4714045207910317,4.0,0.816496580927726,5,3,1,0,FCFS
6,2.8333333333333335,1.7716909687891083,4.0,1.4142135623730951,4.166666666666667,0.8975274678557507,6,1,5,1,SJF
3,6.666666666666667,2.6246692913372702,2.0,2.160246899469287,4.333333333333333,0.9428090415820634,9,3,5,0,FCFS
4,8.75,1.0897247358851685,2.75,1.7853571071357126,2.75,1.7853571071357126,10,7,5,1,SJF
4,4.75,3.5619517121937516,1.5,1.118033988749895,2.0,1.7320508075688772,10,1,3,0,SJF
6,6.5,3.0413812651491097,2.1666666666666665,1.674979270186815,3.6666666666666665,1.3743685418725535,10,2,4,0,SJF
3,6.333333333333333,2.6246692913372702,3.6666666666666665,1.247219128924647,2.6666666666666665,0.9428090415820634,10,4,5,2,SJF
8,4.75,2.9047375096555625,3.5,1.7320508075688772,3.125,1.165922381636102,10,1,5,0,SJF
4,6.25,2.384848003542364,2.75,1.920286436967152,3.75,0.82915619758885,9,3,5,0,SJF
4,4.75,3.2691742076555053,3.0,0.7071067811865476,2.25,0.82915619758885,10,1,4,2,SJF
4,5.5,2.958039891549808,3.0,1.8708286933869707,2.75,1.479019945774904,10,2,5,0,SJF
3,6.666666666666667,2.494438257849294,1.0,1.4142135623730951,3.6666666666666665,1.247219128924647,10,4,3,0,SJF
5,4.8,2.4,2.8,1.6,3.2,0.9797958971132712,7,1,5,0,SJF
4,6.0,3.3166247903554,1.25,2.165063509461097,2.0,0.7071067811865476,9,1,5,0,SJF
6,3.1666666666666665,2.544056253745625,1.3333333333333333,1.5986105077709065,2.6666666666666665,1.7950549357115013,8,1,4,0,SJF
8,6.125,1.6909686573085854,2.375,1.653594569415369,2.75,1.8540496217739157,9,3,4,0,SJF
5,6.8,2.925747767665559,1.6,1.019803902718557,3.2,1.6,10,3,3,0,SJF
7,4.857142857142857,2.899683304312063,3.0,1.4142135623730951,2.4285714285714284,1.498298354528788,9,1,5,1,SJF
8,5.375,2.6427968139832467,2.375,1.79843682124227,3.5,1.118033988749895,10,2,5,0,SJF
5,3.2,1.469693845669907,3.0,1.7888543819998317,4.0,0.6324555320336759,5,1,5,1,SJF
4,6.0,1.4142135623730951,1.5,1.118033988749895,1.75,0.4330127018922193,8,4,3,0,SJF
7,6.571428571428571,2.718042512920064,2.5714285714285716,1.761261143705422,3.7142857142857144,0.880630571852711,10,3,5,0,SJF
8,6.375,2.2878756522153907,2.75,1.3919410907075054,3.0,1.224744871391589,10,3,4,0,SJF
8,6.25,3.6996621467371855,2.625,0.9921567416492215,2.25,1.479019945774904,10,1,4,1,SJF
6,5.166666666666667,3.531603350069515,3.0,1.7320508075688772,2.6666666666666665,1.3743685418725535,10,1,5,0,SJF
6,5.666666666666667,2.3570226039551585,2.1666666666666665,1.9507833184532708,2.0,0.816496580927726,9,2,5,0,SJF
7,7.285714285714286,2.249716535431946,3.5714285714285716,1.3997084244475304,2.857142857142857,1.3552618543578767,10,4,5,2,SJF
6,6.0,3.0550504633038935,3.1666666666666665,1.5723301886761007,3.1666666666666665,1.674979270186815,10,3,5,0,SJF
3,6.0,2.943920288775949,4.0,0.816496580927726,2.6666666666666665,0.4714045207910317,10,3,5,3,SJF
5,5.8,1.16619037896906,1.6,0.8,3.2,1.6,7,4,2,0,SJF
7,5.0,2.138089935299395,2.142857142857143,1.8070158058105026,2.4285714285714284,1.498298354528788,8,2,5,0,SJF
3,3.0,1.4142135623730951,2.3333333333333335,1.699673171197595,3.3333333333333335,1.699673171197595,5,2,4,0,FCFS
3,5.666666666666667,2.357022603955158,3.3333333333333335,0.9428090415820634,3.0,1.632993161855452,9,4,4,2,SJF
7,5.571428571428571,3.8119040183218096,4.0,1.4142135623730951,3.0,1.1952286093343936,10,1,5,1,SJF
3,6.333333333333333,2.8674417556808756,1.6666666666666667,1.247219128924647,3.0,1.4142135623730951,10,3,3,0,SJF
8,6.25,2.384848003542364,3.75,1.0897247358851685,3.375,1.4086784586980805,10,3,5,2,SJF
3,4.0,2.449489742783178,2.3333333333333335,1.699673171197595,3.3333333333333335,0.9428090415820634,7,1,4,0,FCFS
5,5.2,2.4819347291981715,3.6,1.9595917942265424,3.0,1.6733200530681511,9,2,5,0,SJF
6,5.833333333333333,2.544056253745625,2.8333333333333335,1.5723301886761005,3.3333333333333335,0.9428090415820634,9,2,5,0,SJF
8,7.5,2.0,2.875,1.899835519196333,2.5,1.5,10,4,5,0,SJF
5,5.4,2.33238075793812,2.4,2.0591260281974,2.8,0.39999999999999997,9,2,5,0,SJF
8,5.125,2.2043990110685496,1.75,1.7853571071357126,3.25,1.3919410907075054,10,2,5,0,SJF
3,4.333333333333333,1.699673171197595,3.6666666666666665,1.247219128924647,3.0,1.632993161855452,6,2,5,2,SJF
3,7.0,2.160246899469287,4.0,0.816496580927726,2.0,0.816496580927726,10,5,5,3,SJF
7,4.142857142857143,2.4159335036125373,1.8571428571428572,1.8070158058105026,3.0,1.6035674514745464,8,1,5,0,SJF
3,7.0,2.943920288775949,1.3333333333333333,0.4714045207910317,2.6666666666666665,1.699673171197595,10,3,2,1,SJF
8,4.25,2.9895651857753496,3.125,1.7633419974582356,3.625,1.1110243021644486,9,1,5,0,SJF
6,3.8333333333333335,2.733536577809454,1.3333333333333333,1.1055415967851332,2.1666666666666665,0.8975274678557507,8,1,3,0,SJF
7,5.285714285714286,2.249716535431946,1.2857142857142858,1.0301575072754257,3.4285714285714284,1.178030178747903,9,3,3,0,SJF
3,6.333333333333333,1.247219128924647,1.3333333333333333,1.8856180831641267,3.6666666666666665,0.9428090415820634,8,5,4,0,SJF
6,7.166666666666667,2.034425935955617,2.6666666666666665,1.5986105077709065,2.8333333333333335,1.4624940645653537,10,4,5,0,SJF
3,6.333333333333333,3.858612300930075,1.3333333333333333,1.8856180831641267,2.6666666666666665,1.247219128924647,10,1,4,0,FCFS
8,6.125,3.1399641717701177,2.625,0.8569568250501305,3.0,1.224744871391589,10,2,4,1,SJF
6,4.666666666666667,2.211083193570267,3.8333333333333335,1.4624940645653537,3.6666666666666665,1.247219128924647,7,1,5,1,SJF
5,6.0,2.0976176963403033,1.8,1.9390719429665317,2.6,1.4966629547095767,8,2,5,0,SJF
4,7.5,1.5,1.5,1.5,2.75,1.299038105676658,9,5,4,0,SJF
8,4.625,3.07967124868873,3.25,0.9682458365518543,2.875,1.6909686573085854,10,2,5,2,SJF
8,4.625,3.314268395890713,2.75,1.7853571071357126,2.5,1.3228756555322954,10,1,5,0,SJF
4,4.75,1.920286436967152,3.75,0.82915619758885,3.0,1.4142135623730951,7,2,5,3,SJF
6,5.0,3.265986323710904,2.3333333333333335,2.1343747458109497,2.3333333333333335,1.1055415967851332,10,1,5,0,SJF
3,7.333333333333333,1.247219128924647,2.6666666666666665,1.247219128924647,3.0,1.4142135623730951,9,6,4,1,SJF
4,8.0,0.7071067811865476,2.0,1.5811388300841898,3.0,1.5811388300841898,9,7,4,0,SJF
3,5.666666666666667,2.0548046676563256,3.0,1.632993161855452,1.0,0.0,8,3,5,1,FCFS
7,4.714285714285714,2.3733211036908783,3.0,1.5118578920369088,2.7142857142857144,1.3850513878332367,10,2,5,0,SJF
6,5.666666666666667,2.494438257849294,2.8333333333333335,1.7716909687891083,2.8333333333333335,1.3437096247164249,10,2,5,0,SJF
3,5.333333333333333,3.39934634239519,4.0,0.816496580927726,1.6666666666666667,0.4714045207910317,10,2,5,3,RR
7,6.142857142857143,3.440455593940656,3.0,1.4142135623730951,3.4285714285714284,1.3997084244475304,10,1,5,1,SJF
7,5.0,2.2038926600773587,2.857142857142857,1.355261854357877,3.0,1.5118578920369088,10,3,5,1,SJF
5,4.8,2.1354156504062622,2.2,2.0396078054371136,3.6,0.8,9,3,5,0,SJF
4,2.75,1.920286436967152,2.25,1.7853571071357126,3.0,1.224744871391589,6,1,4,0,RR
7,7.142857142857143,2.294625486315573,2.142857142857143,1.6413036132965795,3.0,1.4142135623730951,10,3,5,0,SJF
4,4.25,2.165063509461097,2.25,1.479019945774904,2.5,1.5,7,1,4,0,FCFS
4,5.75,1.299038105676658,3.25,1.479019945774904,3.25,0.82915619758885,7,4,5,1,SJF
4,3.75,1.479019945774904,3.5,1.118033988749895,4.5,0.5,6,2,5,2,SJF
7,6.857142857142857,2.7994168488950604,2.0,1.0690449676496976,2.857142857142857,0.989743318610787,10,1,4,1,SJF
5,4.4,3.0724582991474434,3.0,2.0976176963403033,2.2,0.9797958971132712,9,1,5,0,SJF
3,6.0,3.559026084010437,1.6666666666666667,1.699673171197595,3.0,1.632993161855452,9,1,4,0,SJF
3,8.333333333333334,1.247219128924647,2.6666666666666665,1.247219128924647,2.3333333333333335,1.247219128924647,10,7,4,1,FCFS
8,6.125,2.2043990110685496,2.5,1.8708286933869707,2.875,1.4523687548277813,9,2,5,0,SJF
6,4.833333333333333,3.2360813064912666,3.0,1.5275252316519468,3.1666666666666665,1.4624940645653537,10,1,5,1,SJF
6,5.166666666666667,3.531603350069515,3.5,1.5,3.5,0.9574271077563381,10,1,5,1,SJF
6,6.166666666666667,2.967415635794143,1.8333333333333333,1.3437096247164249,2.5,1.5,9,2,4,0,SJF
7,7.0,2.138089935299395,2.0,1.3093073414159542,3.4285714285714284,1.2936264483053452,9,4,4,0,SJF
7,5.857142857142857,3.0904725218262765,3.0,1.8516401995451028,2.857142857142857,1.3552618543578767,10,1,5,0,SJF
8,5.875,2.027159342528357,1.75,1.6393596310755,2.5,1.3228756555322954,9,3,5,0,SJF
6,3.1666666666666665,2.544056253745625,3.6666666666666665,1.8856180831641267,2.8333333333333335,0.6871842709362768,8,1,5,1,SJF
5,8.6,1.8547236990991407,2.2,1.7204650534085253,3.6,1.019803902718557,10,5,5,0,SJF
5,3.8,2.2271057451320084,3.0,1.6733200530681511,4.0,1.0954451150103321,7,2,5,0,SJF
8,5.125,2.6190408549696205,2.125,1.5360257159305635,4.0,1.224744871391589,9,1,5,0,SJF
6,5.166666666666667,2.793842435706702,2.6666666666666665,1.4907119849998598,2.6666666666666665,1.4907119849998598,10,2,5,1,SJF
6,4.666666666666667,2.0548046676563256,1.6666666666666667,1.795054935711501,3.3333333333333335,1.7950549357115015,8,1,5,0,SJF
3,7.333333333333333,3.0912061651652345,3.6666666666666665,0.4714045207910317,3.3333333333333335,1.247219128924647,10,3,4,3,SJF
3,4.666666666666667,3.0912061651652345,2.0,2.160246899469287,2.3333333333333335,1.247219128924647,9,2,5,0,FCFS
5,6.0,2.6076809620810595,1.6,1.624807680927192,3.2,1.16619037896906,9,2,4,0,SJF
5,4.8,2.2271057451320084,1.8,1.7204650534085253,2.2,1.16619037896906,9,3,5,0,SJF
8,5.375,2.394655507583502,2.875,1.6153559979150107,2.5,1.4142135623730951,10,3,5,0,SJF
3,6.666666666666667,1.699673171197595,1.3333333333333333,1.247219128924647,3.0,1.4142135623730951,9,5,3,0,FCFS
5,7.0,2.1908902300206643,2.4,1.854723699099141,2.0,1.0954451150103321,10,4,5,0,SJF
3,8.333333333333334,2.357022603955158,1.6666666666666667,1.247219128924647,2.3333333333333335,0.4714045207910317,10,5,3,0,FCFS
5,6.6,2.4979991993593593,2.4,1.854723699099141,3.6,1.019803902718557,10,4,5,0,SJF
7,5.428571428571429,2.969229955832361,2.857142857142857,1.6413036132965795,4.0,1.3093073414159542,10,1,5,0,SJF
3,3.0,1.4142135623730951,2.6666666666666665,1.247219128924647,2.6666666666666665,1.247219128924647,5,2,4,1,FCFS
7,5.285714285714286,2.813959371941744,1.4285714285714286,1.049781318335648,4.0,0.9258200997725514,10,2,3,0,SJF
3,6.333333333333333,3.299831645537222,1.0,0.816496580927726,2.6666666666666665,0.9428090415820634,10,2,2,0,SJF
7,3.4285714285714284,1.761261143705422,2.857142857142857,1.2453996981544782,3.142857142857143,1.456862718169367,7,2,5,1,SJF
4,3.0,2.449489742783178,1.75,2.0463381929681126,1.75,1.299038105676658,7,1,5,0,SJF
3,3.0,0.816496580927726,3.0,0.816496580927726,4.0,0.816496580927726,4,2,4,2,SJF
5,4.4,2.1540659228538015,2.0,1.6733200530681511,3.8,0.7483314773547882,7,1,5,0,SJF
7,5.428571428571429,2.770102775666474,3.0,1.4142135623730951,3.0,1.6035674514745464,9,1,5,1,SJF
3,6.666666666666667,0.4714045207910317,1.6666666666666667,2.357022603955158,4.0,0.816496580927726,7,6,5,0,FCFS
3,5.666666666666667,2.8674417556808756,2.6666666666666665,1.247219128924647,2.3333333333333335,1.247219128924647,9,2,4,1,FCFS
5,6.2,3.867815921162743,2.0,1.7888543819998317,3.0,1.4142135623730951,10,1,5,0,SJF
3,4.0,2.160246899469287,1.3333333333333333,1.247219128924647,3.0,0.816496580927726,7,2,3,0,SJF
5,4.2,2.227105745132009,2.4,1.3564659966250536,2.6,1.019803902718557,8,1,4,0,SJF
8,5.5,3.082207001484488,1.375,1.3169567191065923,3.125,1.5360257159305635,10,1,4,0,SJF
4,4.75,3.2691742076555053,3.5,1.5,3.0,0.7071067811865476,10,1,5,1,SJF
6,4.166666666666667,2.608745973749755,3.6666666666666665,0.7453559924999299,2.8333333333333335,1.3437096247164249,7,1,5,3,SJF
8,4.875,2.9764702249476644,2.75,1.299038105676658,2.375,1.2183492931011204,10,1,5,1,SJF
3,7.666666666666667,2.6246692913372702,1.0,0.816496580927726,1.3333333333333333,0.4714045207910317,10,4,2,0,SJF
5,6.4,2.4979991993593593,1.8,1.7204650534085255,2.6,1.3564659966250536,9,3,5,0,SJF
5,5.0,2.280350850198276,3.4,1.624807680927192,4.0,1.2649110640673518,9,3,5,1,SJF
4,7.5,2.598076211353316,2.5,1.118033988749895,3.25,1.479019945774904,10,4,4,1,SJF
5,5.6,2.0591260281974,1.8,1.7204650534085255,2.6,1.4966629547095767,9,3,5,0,SJF
6,4.833333333333333,2.544056253745625,3.1666666666666665,2.266911751455907,3.3333333333333335,1.4907119849998596,8,2,5,0,SJF
5,4.4,1.8547236990991407,2.4,1.019803902718557,3.6,1.4966629547095764,6,1,4,1,FCFS
3,7.333333333333333,1.8856180831641267,2.0,2.160246899469287,3.3333333333333335,1.699673171197595,10,6,5,0,SJF
7,4.571428571428571,2.3211538298959886,1.5714285714285714,1.6781914463529617,3.142857142857143,1.6413036132965795,9,1,5,0,SJF
4,7.5,1.6583123951777,3.0,1.5811388300841898,3.75,1.6393596310755,9,5,5,1,SJF
7,4.142857142857143,2.5872528966106905,2.2857142857142856,1.6659862556700857,2.857142857142857,1.5518257844571737,10,1,5,0,SJF
6,4.333333333333333,3.72677996249965,3.1666666666666665,1.7716909687891083,2.5,0.9574271077563381,10,1,5,0,SJF
8,5.25,3.152380053229623,1.0,1.5811388300841898,2.5,1.4142135623730951,9,1,5,0,SJF
5,6.2,2.227105745132009,2.6,1.624807680927192,3.2,1.6,8,2,5,1,SJF
7,7.0,1.6035674514745464,2.142857142857143,1.6413036132965795,3.7142857142857144,1.0301575072754257,10,5,5,0,SJF
8,5.375,2.394655507583502,3.0,1.8708286933869707,2.125,1.4523687548277813,9,2,5,0,SJF
6,4.166666666666667,2.3392781412696997,2.0,1.4142135623730951,2.8333333333333335,1.3437096247164249,9,2,5,1,SJF
5,6.2,1.9390719429665317,2.4,1.019803902718557,3.0,1.0954451150103321,9,4,4,1,SJF
6,6.166666666666667,2.733536577809454,2.5,1.8027756377319946,3.3333333333333335,1.4907119849998598,9,1,5,1,SJF
5,6.8,3.4292856398964497,2.4,1.4966629547095764,3.0,1.6733200530681511,10,1,5,1,SJF
3,5.333333333333333,0.9428090415820634,4.333333333333333,0.4714045207910317,2.3333333333333335,1.8856180831641267,6,4,5,4,SJF
6,5.0,2.3804761428476167,2.1666666666666665,1.0671873729054748,3.6666666666666665,1.3743685418725535,9,1,3,0,SJF
3,5.666666666666667,3.39934634239519,1.3333333333333333,0.9428090415820634,2.3333333333333335,1.247219128924647,9,1,2,0,FCFS
3,6.0,0.0,1.6666666666666667,1.699673171197595,3.6666666666666665,1.8856180831641267,6,6,4,0,FCFS
8,4.625,1.4086784586980805,2.125,1.4523687548277813,2.5,1.4142135623730951,7,2,4,0,SJF
6,5.166666666666667,3.0776975521032313,2.1666666666666665,1.21335164821342,3.3333333333333335,1.7950549357115015,10,2,4,0,SJF
3,4.333333333333333,2.6246692913372702,2.0,0.816496580927726,1.3333333333333333,0.4714045207910317,8,2,3,1,RR
8,6.5,3.082207001484488,1.875,1.4523687548277813,3.125,1.2686114456365274,10,2,4,0,SJF
5,7.6,3.006659275674582,2.8,1.7204650534085255,3.2,1.469693845669907,10,3,5,0,SJF
7,6.142857142857143,3.522522287410844,2.5714285714285716,1.178030178747903,2.4285714285714284,1.178030178747903,10,1,4,1,SJF
3,5.333333333333333,0.4714045207910317,2.0,1.632993161855452,1.0,0.0,6,5,4,0,FCFS
7,5.857142857142857,3.0438965360946453,2.2857142857142856,1.2777531299998797,2.142857142857143,1.355261854357877,10,1,5,1,SJF
7,5.285714285714286,3.010186786529354,2.2857142857142856,1.6659862556700857,3.0,1.3093073414159542,10,1,4,0,SJF
5,8.4,0.7999999999999999,2.8,1.469693845669907,3.6,1.3564659966250538,10,8,5,1,SJF
8,6.625,2.8256636388643286,3.25,1.713913650100261,3.375,1.3169567191065923,10,1,5,0,SJF
3,3.3333333333333335,0.4714045207910317,3.6666666666666665,1.8856180831641267,2.6666666666666665,1.247219128924647,4,3,5,1,FCFS
3,3.0,1.4142135623730951,4.666666666666667,0.4714045207910317,2.6666666666666665,1.247219128924647,4,1,5,4,SJF
6,6.166666666666667,3.287180487219337,3.5,1.6072751268321592,4.166666666666667,1.0671873729054746,10,2,5,1,SJF
8,6.375,2.9553976043842223,1.0,1.118033988749895,3.625,1.1110243021644486,10,1,3,0,SJF
5,4.8,2.7129319932501073,2.2,2.039607805437114,3.4,1.3564659966250536,10,2,5,0,SJF
6,5.0,3.7859388972001824,3.1666666666666665,1.5723301886761007,3.5,1.118033988749895,10,1,5,0,SJF
3,6.333333333333333,1.699673171197595,2.6666666666666665,1.247219128924647,2.3333333333333335,1.247219128924647,8,4,4,1,SJF
7,6.142857142857143,2.747912008810192,2.5714285714285716,2.1946130708196026,3.7142857142857144,0.880630571852711,10,2,5,0,SJF
4,6.0,3.5355339059327378,2.75,0.82915619758885,2.75,1.479019945774904,10,2,4,2,SJF
8,6.375,2.6427968139832467,1.75,2.0463381929681126,2.75,1.0897247358851685,10,2,5,0,SJF
3,7.0,2.8284271247461903,4.666666666666667,0.4714045207910317,3.3333333333333335,1.247219128924647,9,3,5,4,FCFS
6,4.666666666666667,2.6246692913372702,2.8333333333333335,1.9507833184532708,3.6666666666666665,1.3743685418725535,9,1,5,0,SJF
4,5.0,2.23606797749979,2.5,2.0615528128088303,3.25,1.0897247358851685,8,2,5,0,SJF
5,4.0,2.9664793948382653,2.6,1.3564659966250538,2.6,1.3564659966250536,8,1,4,1,SJF
7,5.428571428571429,3.619674131234265,2.5714285714285716,1.761261143705422,3.2857142857142856,1.577908716741037,10,1,5,0,SJF
5,5.0,3.0983866769659336,2.6,1.2000000000000002,2.6,1.019803902718557,10,2,4,1,SJF
8,6.625,2.8256636388643286,3.375,0.9921567416492215,3.75,1.3919410907075054,10,2,5,2,SJF
4,6.0,2.5495097567963922,2.0,2.1213203435596424,3.0,1.224744871391589,10,3,5,0,SJF
4,7.25,1.920286436967152,2.25,0.82915619758885,4.25,0.82915619758885,10,5,3,1,FCFS
7,5.142857142857143,3.0438965360946453,2.4285714285714284,1.3997084244475304,2.4285714285714284,0.7284313590846836,9,1,4,1,SJF
4,6.0,2.1213203435596424,2.0,1.5811388300841898,2.5,1.5,8,3,4,0,SJF
5,4.8,2.4819347291981715,3.0,1.7888543819998317,3.8,0.7483314773547882,9,2,5,0,SJF
7,6.571428571428571,2.4411439272335804,2.7142857142857144,1.749635530559413,3.7142857142857144,1.749635530559413,10,2,4,0,SJF
3,8.333333333333334,1.247219128924647,3.0,1.4142135623730951,3.3333333333333335,1.247219128924647,10,7,4,1,SJF
3,4.666666666666667,2.6246692913372702,4.666666666666667,0.4714045207910317,2.3333333333333335,1.8856180831641267,7,1,5,4,FCFS
6,5.166666666666667,3.435921354681384,4.333333333333333,0.7453559924999298,2.3333333333333335,1.3743685418725535,10,1,5,3,SJF
3,6.0,0.816496580927726,2.6666666666666665,0.4714045207910317,2.6666666666666665,1.699673171197595,7,5,3,2,SJF
8,6.25,2.331844763272204,2.875,1.7633419974582356,2.75,1.299038105676658,10,3,5,0,SJF
4,2.75,1.0897247358851685,2.75,1.479019945774904,2.0,0.7071067811865476,4,1,5,1,FCFS
8,4.625,2.9973947020704497,2.625,2.394655507583502,3.75,1.0897247358851685,10,2,5,0,SJF
3,8.666666666666666,1.8856180831641267,0.6666666666666666,0.9428090415820634,2.6666666666666665,0.9428090415820634,10,6,2,0,SJF
7,5.285714285714286,2.762725657973388,2.142857142857143,1.7261494247992248,2.142857142857143,0.989743318610787,9,1,5,0,SJF
6,3.0,2.0816659994661326,2.5,1.9790570145063195,2.8333333333333335,1.3437096247164249,7,1,5,0,SJF
4,4.75,3.5619517121937516,2.0,1.224744871391589,3.25,1.0897247358851685,10,1,3,0,SJF
8,6.25,3.897114317029974,3.125,1.6909686573085854,2.625,1.4947825928876748,10,1,5,1,SJF
8,6.75,2.436698586202241,1.25,1.0897247358851685,3.375,1.4947825928876748,9,2,3,0,SJF
5,3.6,2.939387691339814,3.0,1.7888543819998317,3.0,1.0954451150103321,9,1,5,0,SJF
3,6.0,0.816496580927726,1.6666666666666667,0.9428090415820634,2.3333333333333335,1.247219128924647,7,5,3,1,SJF
5,5.6,2.65329983228432,3.6,1.2000000000000002,3.4,1.3564659966250538,10,2,5,2,SJF
8,5.375,2.7357585785299112,3.625,1.2183492931011204,3.0,1.0,9,1,5,1,SJF
4,6.75,2.5860201081971503,1.5,1.118033988749895,3.0,1.5811388300841898,10,3,3,0,SJF
4,6.5,2.179449471770337,1.25,1.299038105676658,2.75,1.0897247358851685,9,3,3,0,SJF
8,7.0,2.3979157616563596,2.25,1.299038105676658,2.375,0.8569568250501305,10,2,4,0,SJF
7,5.428571428571429,1.5907898179514348,2.7142857142857144,1.6659862556700857,3.5714285714285716,1.178030178747903,8,3,5,0,SJF
8,6.125,2.4717149916606487,1.875,1.2686114456365274,2.75,1.7853571071357126,10,3,3,0,SJF
5,5.0,2.756809750418044,3.2,1.8330302779823362,2.8,1.16619037896906,9,1,5,0,SJF
4,5.75,2.0463381929681126,1.0,1.7320508075688772,2.0,1.7320508075688772,9,4,4,0,SJF
8,5.75,2.947456530637899,2.375,1.7275343701356567,2.625,1.5761900266148114,10,2,4,0,SJF
6,4.0,1.632993161855452,2.6666666666666665,1.7950549357115013,2.3333333333333335,1.8856180831641267,6,1,5,0,SJF
6,4.833333333333333,3.8908725099762504,2.3333333333333335,1.7950549357115013,2.3333333333333335,1.1055415967851334,10,1,5,0,SJF
7,5.714285714285714,3.768830273792263,1.2857142857142858,1.2777531299998799,2.857142857142857,0.989743318610787,10,1,3,0,SJF
7,5.142857142857143,2.2314999074019015,1.7142857142857142,1.2777531299998797,2.4285714285714284,1.049781318335648,9,3,4,0,SJF
5,4.6,2.4166091947189146,2.4,1.4966629547095764,2.0,0.8944271909999159,8,2,5,1,SJF
7,5.142857142857143,2.695423180587601,2.142857142857143,1.7261494247992246,3.4285714285714284,1.178030178747903,10,2,5,0,SJF
7,5.0,3.116774889895918,3.142857142857143,1.4568627181693672,2.7142857142857144,1.5779087167410373,10,1,5,1,SJF
6,4.0,1.7320508075688772,2.5,1.9790570145063195,3.1666666666666665,1.5723301886761007,6,2,5,0,SJF
4,6.25,3.344772040064913,3.25,1.920286436967152,2.75,1.479019945774904,10,2,5,0,SJF
8,6.875,2.4717149916606487,2.5,1.5811388300841898,3.0,1.3228756555322954,10,2,5,0,SJF
8,5.875,2.8476964374736293,3.75,1.299038105676658,2.25,1.1989578808281798,9,1,5,1,SJF
7,5.285714285714286,2.4907993963089563,1.4285714285714286,1.6781914463529615,3.2857142857142856,1.577908716741037,9,2,5,0,SJF
5,5.8,2.0396078054371136,3.2,1.9390719429665317,3.2,1.6,8,3,5,0,FCFS
5,5.0,1.7888543819998317,4.4,1.2,2.2,1.6,8,3,5,2,SJF
6,5.833333333333333,3.435921354681384,3.6666666666666665,1.7950549357115013,3.8333333333333335,0.8975274678557507,10,1,5,0,SJF
7,5.285714285714286,2.962348764761103,2.142857142857143,1.7261494247992246,2.7142857142857144,1.385051387833237,10,2,5,0,SJF
8,4.0,2.3979157616563596,2.375,1.9324531042175384,3.25,1.299038105676658,9,1,5,0,SJF
3,5.666666666666667,1.699673171197595,3.6666666666666665,1.247219128924647,2.6666666666666665,1.247219128924647,8,4,5,2,FCFS
7,4.857142857142857,2.030381486221699,2.857142857142857,1.8070158058105026,2.2857142857142856,1.5779087167410373,8,2,5,0,SJF
4,4.0,2.449489742783178,2.25,1.920286436967152,3.0,1.224744871391589,8,2,5,0,SJF
5,8.2,1.8330302779823358,3.2,1.16619037896906,3.2,0.9797958971132712,10,5,5,2,SJF
6,4.333333333333333,2.6874192494328497,2.5,1.3844373104863459,2.8333333333333335,1.5723301886761005,9,1,5,1,SJF
5,4.8,2.7856776554368237,2.2,0.9797958971132712,4.4,0.48989794855663565,8,1,3,1,SJF
4,4.5,3.2015621187164243,3.75,1.6393596310755,3.25,1.299038105676658,9,1,5,1,SJF
4,8.0,0.7071067811865476,4.25,0.82915619758885,3.75,1.0897247358851685,9,7,5,3,FCFS
5,4.2,2.3151673805580453,2.4,1.7435595774162693,2.8,0.7483314773547882,8,1,5,0,SJF
5,3.0,0.8944271909999159,4.0,0.6324555320336759,2.4,0.4898979485566356,4,2,5,3,SJF
8,6.375,2.8256636388643286,2.25,2.0463381929681126,3.5,1.4142135623730951,10,2,5,0,SJF
3,9.0,0.0,4.0,0.816496580927726,3.3333333333333335,1.247219128924647,9,9,5,3,FCFS
5,5.8,3.4292856398964497,2.0,1.7888543819998317,3.6,1.3564659966250538,10,1,4,0,SJF
4,2.75,1.0897247358851685,2.25,1.920286436967152,2.75,1.479019945774904,4,1,5,0,FCFS
8,5.25,2.48746859276655,2.0,1.8708286933869707,3.375,0.9921567416492215,9,1,5,0,SJF
7,5.857142857142857,3.0438965360946453,3.2857142857142856,1.6659862556700857,2.857142857142857,1.4568627181693672,9,1,5,1,SJF
3,7.666666666666667,2.0548046676563256,3.3333333333333335,1.699673171197595,3.0,1.632993161855452,10,5,5,1,FCFS
3,5.333333333333333,0.4714045207910317,3.0,0.816496580927726,2.3333333333333335,0.4714045207910317,6,5,4,2,SJF
7,5.714285714285714,2.602981022612657,2.7142857142857144,1.577908716741037,2.4285714285714284,1.3997084244475304,9,1,5,1,SJF
8,4.375,2.7357585785299112,2.25,1.7853571071357126,2.5,1.118033988749895,9,2,5,0,SJF
7,4.714285714285714,1.9059520091609048,1.5714285714285714,1.5907898179514348,3.2857142857142856,1.577908716741037,7,2,4,0,SJF
8,6.75,2.436698586202241,3.25,1.8540496217739157,2.625,1.2183492931011204,10,2,5,0,SJF
5,5.2,1.469693845669907,2.6,1.8547236990991407,3.8,0.9797958971132712,7,3,5,0,FCFS
8,6.5,2.23606797749979,1.25,1.3919410907075054,3.375,1.2183492931011204,10,2,4,0,SJF
7,4.142857142857143,2.2314999074019015,3.4285714285714284,1.178030178747903,2.7142857142857144,1.0301575072754257,8,2,5,1,SJF
5,7.2,1.469693845669907,4.4,0.7999999999999999,2.8,1.16619037896906,10,6,5,3,SJF
3,8.333333333333334,1.699673171197595,3.6666666666666665,1.247219128924647,2.3333333333333335,1.247219128924647,10,6,5,2,FCFS
3,5.333333333333333,3.6817870057290873,3.6666666666666665,1.247219128924647,2.6666666666666665,1.247219128924647,10,1,5,2,FCFS
6,6.166666666666667,3.435921354681384,2.0,1.632993161855452,2.1666666666666665,0.6871842709362768,10,1,5,0,SJF
5,5.2,2.1354156504062622,3.4,1.019803902718557,2.6,1.3564659966250536,8,2,5,2,SJF
8,5.0,3.0,2.625,2.117634293262177,2.5,1.5,10,1,5,0,SJF
4,7.75,0.4330127018922193,0.75,0.82915619758885,3.5,1.5,8,7,2,0,SJF
8,4.875,2.9341736485763756,2.375,1.5761900266148114,2.625,1.4086784586980805,10,1,5,0,SJF
4,7.0,3.082207001484488,4.0,1.224744871391589,2.75,1.299038105676658,10,3,5,2,FCFS
7,6.428571428571429,2.5555062599997598,1.8571428571428572,1.8070158058105026,1.8571428571428572,0.6388765649999398,10,2,5,0,SJF
3,7.333333333333333,2.357022603955158,2.0,2.160246899469287,3.0,0.816496580927726,9,4,5,0,FCFS
6,5.5,3.304037933599835,1.6666666666666667,1.4907119849998596,3.8333333333333335,1.3437096247164249,10,1,4,0,SJF
4,3.25,1.479019945774904,2.0,1.0,2.0,1.7320508075688772,5,1,3,1,SJF
5,6.2,2.481934729198171,2.4,2.244994432064365,2.8,1.32664991614216,9,2,5,0,SJF
4,6.75,1.479019945774904,1.5,1.5,3.0,0.7071067811865476,9,5,4,0,SJF
5,6.6,2.33238075793812,2.0,1.7888543819998317,3.0,1.2649110640673518,10,4,5,0,SJF
4,6.25,0.82915619758885,2.0,2.1213203435596424,2.75,1.0897247358851685,7,5,5,0,SJF
3,9.333333333333334,0.9428090415820634,3.0,1.4142135623730951,4.0,0.816496580927726,10,8,5,2,SJF
5,3.2,1.9390719429665317,3.0,1.7888543819998317,3.0,1.4142135623730951,6,1,5,1,SJF
3,5.666666666666667,2.494438257849294,2.0,1.4142135623730951,2.3333333333333335,1.247219128924647,9,3,4,1,SJF
4,5.5,4.031128874149275,2.0,1.4142135623730951,4.0,1.0,10,1,4,0,FCFS
4,7.75,2.48746859276655,2.25,1.6393596310755,2.5,1.6583123951777,10,4,5,1,SJF
7,5.571428571428571,2.8713930346059686,2.0,1.8516401995451028,3.5714285714285716,1.2936264483053452,10,1,5,0,SJF
5,6.0,2.6076809620810595,2.4,1.4966629547095764,3.8,1.16619037896906,10,2,5,1,SJF
7,5.0,1.6035674514745464,2.7142857142857144,1.9059520091609048,3.2857142857142856,1.0301575072754257,7,3,5,0,SJF
4,7.25,3.6996621467371855,2.75,1.479019945774904,3.75,1.0897247358851685,10,1,5,1,FCFS
5,2.8,1.16619037896906,4.0,0.8944271909999159,2.6,1.3564659966250538,4,1,5,3,SJF
4,5.75,2.165063509461097,2.0,1.5811388300841898,4.0,1.0,9,3,4,0,SJF
7,5.428571428571429,1.9897697538834456,2.857142857142857,1.4568627181693672,2.0,0.9258200997725514,8,3,5,1,SJF
3,5.0,3.265986323710904,2.6666666666666665,1.699673171197595,3.6666666666666665,1.247219128924647,9,1,5,1,SJF
8,5.625,2.7357585785299112,1.625,1.7275343701356567,3.0,1.224744871391589,10,2,4,0,SJF
3,4.666666666666667,2.357022603955158,4.333333333333333,0.9428090415820634,2.6666666666666665,1.699673171197595,8,3,5,3,FCFS
5,4.6,3.49857113690718,3.4,1.019803902718557,2.2,0.7483314773547882,10,1,5,2,SJF
7,6.0,2.32992949004287,1.8571428571428572,1.8070158058105026,3.0,1.3093073414159542,10,3,5,0,SJF
3,8.0,1.4142135623730951,2.3333333333333335,1.699673171197595,2.6666666666666665,1.699673171197595,9,6,4,0,FCFS
5,4.4,3.006659275674582,1.6,1.4966629547095767,3.0,1.7888543819998317,9,2,4,0,SJF
4,4.5,2.692582403567252,2.25,0.82915619758885,3.75,1.0897247358851685,9,2,3,1,SJF
6,4.5,2.362907813126304,2.6666666666666665,1.5986105077709065,3.0,2.0,7,1,5,0,SJF
6,6.666666666666667,2.2852182001336816,3.0,1.4142135623730951,3.5,1.8027756377319946,9,3,5,2,SJF
5,5.2,1.9390719429665317,3.0,1.8973665961010275,3.2,1.32664991614216,8,3,5,0,SJF
3,8.0,1.632993161855452,3.6666666666666665,0.4714045207910317,3.3333333333333335,0.9428090415820634,10,6,4,3,FCFS
5,6.6,0.8,2.8,1.7204650534085253,2.0,1.2649110640673518,8,6,5,0,SJF
8,5.875,2.666341125962693,2.875,1.6909686573085854,3.625,1.4086784586980805,10,1,5,1,SJF
7,5.857142857142857,2.294625486315573,2.2857142857142856,1.8294640678379568,2.857142857142857,1.6413036132965795,9,3,5,0,SJF
7,5.571428571428571,2.1946130708196026,3.142857142857143,1.2453996981544782,2.7142857142857144,0.880630571852711,9,2,5,1,SJF
6,4.833333333333333,3.0776975521032313,3.0,1.9148542155126762,2.3333333333333335,0.9428090415820634,10,2,5,0,SJF
5,4.2,1.469693845669907,2.4,1.624807680927192,1.2,0.4000000000000001,6,2,4,0,SJF
8,4.75,2.947456530637899,3.0,1.7320508075688772,2.375,0.9921567416492215,9,1,5,0,SJF
8,6.25,2.331844763272204,2.875,1.964529205687714,3.5,1.224744871391589,10,3,5,0,SJF
4,6.5,3.5,3.5,2.0615528128088303,4.0,1.224744871391589,10,1,5,0,SJF
4,8.5,1.118033988749895,2.0,1.4142135623730951,2.5,1.6583123951777,10,7,4,0,FCFS
6,6.166666666666667,2.034425935955617,3.1666666666666665,1.8633899812498247,3.5,1.6072751268321592,9,3,5,1,SJF
3,6.666666666666667,3.299831645537222,3.0,1.632993161855452,4.333333333333333,0.9428090415820634,9,2,5,1,FCFS
4,4.0,3.082207001484488,4.25,0.82915619758885,3.25,1.479019945774904,8,1,5,3,SJF
5,4.2,2.4819347291981715,3.8,1.16619037896906,3.2,1.16619037896906,8,1,5,2,SJF
7,3.857142857142857,2.5872528966106905,3.2857142857142856,1.3850513878332367,2.857142857142857,1.3552618543578767,8,1,5,1,SJF
6,4.333333333333333,3.2489314482696545,2.0,1.8257418583505538,3.5,1.3844373104863459,9,1,5,0,SJF
4,3.25,2.277608394786075,2.25,2.277608394786075,4.25,0.82915619758885,7,1,5,0,SJF
8,4.875,2.666341125962693,3.375,1.4947825928876748,3.875,0.9270248108869579,10,2,5,1,SJF
8,6.0,2.3979157616563596,2.125,1.3635890143294642,3.5,1.118033988749895,9,1,5,0,SJF
8,4.25,2.947456530637899,2.875,1.5360257159305635,2.75,1.3919410907075054,10,1,5,1,SJF
6,6.0,3.3166247903554,2.5,1.707825127659933,4.0,0.5773502691896257,10,2,5,0,SJF
6,6.0,3.4641016151377544,1.8333333333333333,1.0671873729054748,2.0,0.816496580927726,10,1,3,0,SJF
5,5.4,3.2619012860600183,3.2,1.469693845669907,3.0,1.4142135623730951,9,1,5,1,SJF
4,6.5,3.0413812651491097,2.75,2.277608394786075,2.75,1.479019945774904,10,3,5,0,SJF
6,5.0,1.4142135623730951,2.6666666666666665,1.5986105077709065,3.1666666666666665,1.4624940645653537,7,3,4,0,SJF
5,7.0,3.286335345030997,2.8,1.32664991614216,2.4,0.8,10,1,5,1,SJF
8,5.125,2.368411915187052,2.5,1.8027756377319946,3.375,1.653594569415369,10,1,5,0,SJF
6,3.8333333333333335,1.7716909687891083,2.6666666666666665,1.1055415967851332,2.3333333333333335,1.5986105077709065,7,2,4,1,SJF
7,5.285714285714286,2.4327694808466287,3.2857142857142856,1.2777531299998799,2.7142857142857144,1.5779087167410373,9,1,5,1,SJF
7,4.285714285714286,1.8294640678379568,1.7142857142857142,1.9059520091609048,3.142857142857143,1.5518257844571735,6,1,5,0,SJF
5,7.0,2.756809750418044,3.4,1.019803902718557,3.2,1.6,9,2,5,2,SJF
3,7.333333333333333,2.357022603955158,4.333333333333333,0.4714045207910317,1.6666666666666667,0.4714045207910317,9,4,5,4,FCFS
5,5.6,1.4966629547095764,2.6,1.7435595774162693,3.2,1.16619037896906,7,3,4,0,SJF
4,4.75,2.8613807855648994,3.0,1.8708286933869707,3.25,0.4330127018922193,9,1,5,0,SJF
6,4.666666666666667,3.7267799624996494,3.1666666666666665,1.674979270186815,2.1666666666666665,0.8975274678557507,9,1,5,0,SJF
3,4.333333333333333,1.8856180831641267,2.0,1.632993161855452,4.0,0.816496580927726,7,3,4,0,FCFS
7,4.428571428571429,2.969229955832361,3.0,1.3093073414159542,3.5714285714285716,1.2936264483053452,10,1,5,1,SJF
5,4.8,3.4292856398964497,2.8,1.469693845669907,1.6,0.8,10,1,4,1,SJF
3,8.0,1.632993161855452,0.6666666666666666,0.4714045207910317,2.0,0.816496580927726,10,6,1,0,FCFS
8,4.25,2.7271780286589284,2.0,1.4142135623730951,2.5,1.3228756555322954,8,1,4,0,SJF
6,6.333333333333333,2.4267032964268394,1.8333333333333333,1.5723301886761007,2.6666666666666665,1.699673171197595,10,2,4,0,SJF
7,6.714285714285714,3.4106675389466634,1.7142857142857142,1.3850513878332367,2.7142857142857144,1.6659862556700857,10,1,4,0,SJF
4,6.25,3.2691742076555053,1.0,0.7071067811865476,3.0,0.7071067811865476,10,3,2,0,SJF
3,5.333333333333333,3.299831645537222,4.0,1.4142135623730951,3.3333333333333335,0.4714045207910317,10,3,5,2,SJF
8,5.875,2.7128168017763383,2.625,1.7275343701356567,3.25,1.6393596310755,10,1,5,0,SJF
5,5.2,2.7856776554368237,2.6,2.0591260281974,3.6,1.4966629547095764,9,2,5,0,SJF
3,3.6666666666666665,1.699673171197595,1.6666666666666667,1.247219128924647,3.3333333333333335,1.247219128924647,6,2,3,0,FCFS
7,4.142857142857143,2.0303814862216996,2.5714285714285716,1.9897697538834456,3.2857142857142856,1.2777531299998799,7,1,5,0,SJF
3,3.6666666666666665,1.699673171197595,1.6666666666666667,1.699673171197595,2.3333333333333335,1.8856180831641267,6,2,4,0,FCFS
7,5.0,2.9277002188455996,3.7142857142857144,1.1605769149479943,2.5714285714285716,1.2936264483053452,10,1,5,1,SJF
8,5.25,3.112474899497183,3.75,1.0897247358851685,2.625,1.2183492931011204,9,1,5,2,SJF
5,6.2,3.1874754901018454,3.2,1.469693845669907,3.4,1.019803902718557,9,1,5,1,SJF
8,5.75,2.537222891273055,2.5,1.5,3.25,1.299038105676658,10,2,5,1,SJF
3,7.333333333333333,2.0548046676563256,2.3333333333333335,1.247219128924647,3.6666666666666665,1.247219128924647,10,5,4,1,SJF
5,6.2,1.9390719429665317,2.8,1.16619037896906,3.4,1.3564659966250538,9,3,5,2,SJF
4,6.25,3.5619517121937516,2.25,0.82915619758885,1.75,0.4330127018922193,10,1,3,1,SJF
5,7.0,2.756809750418044,3.6,0.8,2.8,1.6,10,2,5,3,SJF
8,5.75,2.0463381929681126,1.875,1.3635890143294642,2.625,1.2183492931011204,10,3,5,0,SJF
8,5.0,2.0615528128088303,2.0,1.118033988749895,3.375,1.2183492931011204,8,1,4,0,SJF
5,7.6,0.7999999999999999,1.8,1.7204650534085255,2.8,0.7483314773547882,9,7,5,0,SJF
7,4.285714285714286,3.1943828249996997,2.7142857142857144,1.665986255670086,1.5714285714285714,1.049781318335648,10,1,5,0,RR
7,5.0,2.8284271247461903,2.5714285714285716,1.5907898179514348,3.0,1.4142135623730951,9,1,5,0,SJF
7,5.285714285714286,2.3733211036908783,2.7142857142857144,1.577908716741037,4.0,1.4142135623730951,10,2,5,1,SJF
4,7.25,0.4330127018922193,3.0,2.1213203435596424,3.25,0.82915619758885,8,7,5,0,FCFS
7,4.0,2.0701966780270626,2.142857142857143,1.958758457257441,3.4285714285714284,1.3997084244475304,8,1,5,0,SJF
5,6.0,2.6076809620810595,2.8,1.6,2.4,1.4966629547095764,9,2,5,1,SJF
7,4.857142857142857,3.270149469217028,2.5714285714285716,1.6781914463529615,2.2857142857142856,1.2777531299998797,10,1,5,1,SJF
5,5.8,3.4292856398964493,1.8,1.32664991614216,3.4,1.3564659966250538,10,1,4,0,SJF
4,6.25,2.48746859276655,3.25,2.0463381929681126,2.5,1.118033988749895,10,4,5,0,SJF
7,7.285714285714286,3.0101867865293537,2.5714285714285716,1.9897697538834456,2.857142857142857,1.6413036132965795,10,1,5,0,SJF
7,3.142857142857143,1.2453996981544782,1.7142857142857142,1.1605769149479943,3.857142857142857,1.1248582677159729,6,2,4,0,SJF
8,3.125,1.899835519196333,1.875,1.2686114456365274,3.125,1.7633419974582356,6,1,4,0,SJF
6,4.333333333333333,2.560381915956203,3.1666666666666665,1.3437096247164249,3.6666666666666665,1.5986105077709065,9,1,5,1,SJF
3,5.0,0.816496580927726,3.6666666666666665,0.9428090415820634,2.0,0.816496580927726,6,4,5,3,SJF
7,6.857142857142857,1.8070158058105024,1.1428571428571428,1.7261494247992246,2.4285714285714284,1.498298354528788,10,5,5,0,SJF
8,5.5,2.8722813232690143,3.375,1.4086784586980805,3.25,1.6393596310755,9,1,5,1,SJF
8,5.625,3.5685256059050494,2.125,1.6909686573085854,2.625,0.4841229182759271,10,1,5,0,SJF
5,4.0,3.3466401061363023,1.8,1.6,2.6,0.4898979485566356,10,1,4,0,SJF
4,5.0,2.23606797749979,3.75,1.299038105676658,3.5,1.6583123951777,8,2,5,2,SJF
4,5.25,2.384848003542364,3.5,1.5,1.75,0.82915619758885,8,2,5,1,SJF
3,4.0,2.160246899469287,1.3333333333333333,1.247219128924647,2.0,1.4142135623730951,6,1,3,0,FCFS
8,5.25,2.9895651857753496,2.625,1.7275343701356567,3.5,1.3228756555322954,9,1,5,0,SJF
8,5.75,2.6339134382131846,2.375,1.996089927833914,2.5,1.4142135623730951,10,1,5,0,SJF
5,8.8,1.5999999999999999,2.4,0.8,2.4,1.4966629547095764,10,6,3,1,SJF
7,5.714285714285714,2.813959371941744,3.7142857142857144,1.0301575072754257,2.4285714285714284,1.3997084244475304,10,1,5,2,SJF
6,5.5,2.753785273643051,3.1666666666666665,1.8633899812498247,3.3333333333333335,1.2472191289246473,10,1,5,1,SJF
4,5.75,2.48746859276655,0.75,0.82915619758885,4.0,0.7071067811865476,9,2,2,0,SJF
5,5.6,2.8705400188814645,3.2,1.16619037896906,3.6,1.4966629547095764,10,3,5,2,SJF
8,5.875,2.5708704751503917,3.0,1.4142135623730951,3.625,1.3169567191065923,9,2,5,1,SJF
8,4.875,3.179524335494226,3.375,1.79843682124227,2.625,0.9921567416492215,10,1,5,0,SJF
5,4.2,2.7856776554368237,1.8,1.4696938456699071,3.6,1.019803902718557,8,1,4,0,SJF
8,4.5,2.449489742783178,2.5,2.0615528128088303,3.25,1.1989578808281798,8,1,5,0,SJF
8,6.75,2.384848003542364,1.625,1.5761900266148114,2.75,1.1989578808281798,10,4,4,0,SJF
5,4.4,0.8,2.8,2.039607805437114,3.0,0.8944271909999159,5,3,5,0,SJF
5,6.4,1.9595917942265424,2.4,2.0591260281974,4.0,0.8944271909999159,9,3,5,0,SJF
8,5.625,1.5761900266148114,2.625,1.7275343701356567,3.0,0.8660254037844386,8,3,5,0,SJF
4,8.0,2.1213203435596424,3.0,1.4142135623730951,2.5,1.118033988749895,10,5,5,1,FCFS
5,4.0,2.6076809620810595,3.0,2.0976176963403033,3.0,1.0954451150103321,9,2,5,0,SJF
7,5.142857142857143,2.0995626366712954,1.2857142857142858,0.6998542122237652,2.7142857142857144,1.4846149779161806,8,2,3,1,SJF
8,7.875,1.7633419974582356,2.5,1.8027756377319946,2.75,1.299038105676658,10,5,5,0,SJF
8,6.375,2.9973947020704497,1.25,1.1989578808281798,3.25,1.3919410907075054,10,1,3,0,SJF
5,5.8,2.7129319932501073,3.0,1.7888543819998317,1.0,0.0,10,2,5,0,SJF
7,7.0,2.449489742783178,3.0,1.7728105208558367,3.142857142857143,0.989743318610787,10,3,5,0,SJF
4,8.75,1.0897247358851685,2.75,1.0897247358851685,3.0,1.4142135623730951,10,7,4,1,SJF
8,6.625,2.341874249399399,2.375,1.79843682124227,3.875,0.9270248108869579,10,3,5,0,SJF
5,6.6,0.48989794855663565,2.0,1.8973665961010275,2.4,1.4966629547095764,7,6,5,0,SJF
6,4.666666666666667,1.3743685418725535,1.8333333333333333,1.21335164821342,2.3333333333333335,1.3743685418725535,6,2,4,0,SJF
4,3.75,2.5860201081971503,2.5,2.0615528128088303,3.25,1.299038105676658,8,1,5,0,RR
4,4.0,0.7071067811865476,2.25,0.82915619758885,3.0,1.224744871391589,5,3,3,1,SJF
7,5.571428571428571,3.2450904833144416,1.8571428571428572,1.6413036132965795,3.0,0.9258200997725514,10,1,5,0,SJF
8,5.625,2.394655507583502,2.875,1.964529205687714,3.125,1.6909686573085854,10,2,5,0,SJF
8,5.875,1.899835519196333,3.25,1.299038105676658,3.5,1.4142135623730951,10,3,5,1,SJF
7,6.428571428571429,2.9207211857515536,2.857142857142857,2.099562636671296,2.4285714285714284,1.178030178747903,10,3,5,0,SJF
4,8.5,1.118033988749895,2.0,1.224744871391589,3.25,1.479019945774904,10,7,3,0,SJF
7,4.428571428571429,2.5555062599997593,2.5714285714285716,1.2936264483053452,2.5714285714285716,1.3997084244475304,10,2,4,0,SJF
4,8.25,0.4330127018922193,3.25,1.479019945774904,2.5,1.118033988749895,9,8,5,1,SJF
4,3.0,1.0,2.5,1.5,3.5,1.6583123951777,4,2,5,1,SJF
5,6.2,3.4871191548325386,1.0,0.8944271909999159,4.0,1.2649110640673518,10,1,2,0,SJF
8,4.75,2.7726341266023544,1.625,2.057759704144291,3.375,1.3169567191065923,9,1,5,0,SJF
3,6.0,2.943920288775949,3.3333333333333335,0.4714045207910317,3.0,1.4142135623730951,9,2,4,3,FCFS
4,7.75,2.8613807855648994,2.75,2.277608394786075,3.25,1.299038105676658,10,3,5,0,SJF
6,5.0,2.8284271247461903,3.8333333333333335,1.674979270186815,2.5,1.6072751268321592,9,2,5,1,SJF
8,6.25,2.165063509461097,2.625,1.653594569415369,3.125,1.165922381636102,9,3,4,0,SJF
3,5.0,2.160246899469287,3.3333333333333335,1.699673171197595,2.0,0.816496580927726,7,2,5,1,FCFS
6,3.8333333333333335,1.6749792701868151,2.0,2.0,2.8333333333333335,0.6871842709362768,7,2,4,0,SJF
4,3.25,2.48746859276655,2.0,1.5811388300841898,3.25,1.479019945774904,7,1,4,0,FCFS
4,7.0,1.5811388300841898,3.0,1.5811388300841898,2.75,1.299038105676658,9,5,5,1,SJF
7,6.0,2.6726124191242437,2.5714285714285716,1.3997084244475304,2.7142857142857144,1.5779087167410373,10,2,5,1,SJF
7,3.142857142857143,1.8844151368961313,2.4285714285714284,1.3997084244475304,2.4285714285714284,1.049781318335648,7,1,5,0,SJF
3,3.6666666666666665,3.7712361663282534,3.6666666666666665,1.8856180831641267,2.6666666666666665,1.247219128924647,9,1,5,1,RR
4,5.5,2.598076211353316,2.5,1.118033988749895,3.0,1.5811388300841898,8,2,4,1,SJF
8,5.125,2.7585095613392387,2.125,2.0879116360612584,2.625,1.2183492931011204,10,1,5,0,SJF
3,2.6666666666666665,1.699673171197595,4.0,0.816496580927726,2.3333333333333335,0.9428090415820634,5,1,5,3,FCFS
4,5.5,4.031128874149275,2.5,2.0615528128088303,2.25,1.299038105676658,10,1,5,0,FCFS
8,6.625,2.057759704144291,2.5,1.5,1.75,1.0897247358851685,10,3,5,0,SJF
5,5.0,2.280350850198276,3.4,2.0591260281974,3.0,1.0954451150103321,8,1,5,0,SJF
6,6.333333333333333,2.494438257849294,1.8333333333333333,1.0671873729054748,3.6666666666666665,0.4714045207910317,10,2,4,1,SJF
7,5.428571428571429,3.2007652146297256,2.142857142857143,1.4568627181693672,3.142857142857143,1.124858267715973,10,2,4,0,SJF
5,7.2,1.7204650534085253,2.6,1.2,2.6,1.3564659966250536,9,4,4,1,SJF
4,7.25,2.277608394786075,4.0,1.224744871391589,3.0,1.5811388300841898,10,5,5,2,SJF
8,4.375,2.6896793489187516,2.625,1.7275343701356567,2.625,1.2183492931011204,8,1,5,1,SJF
7,6.0,2.9277002188455996,2.142857142857143,1.2453996981544782,2.7142857142857144,1.385051387833237,10,2,4,0,SJF
5,3.8,2.4819347291981715,3.2,1.16619037896906,3.8,1.6,8,1,5,2,SJF
3,4.0,2.160246899469287,1.6666666666666667,1.699673171197595,3.0,1.4142135623730951,6,1,4,0,FCFS
6,6.333333333333333,2.8674417556808756,1.8333333333333333,1.5723301886761007,2.6666666666666665,1.4907119849998596,10,3,5,0,SJF
3,5.666666666666667,1.8856180831641267,3.0,0.816496580927726,2.6666666666666665,1.699673171197595,7,3,4,2,FCFS
4,6.5,2.29128784747792,1.5,1.6583123951777,2.25,1.6393596310755,10,4,4,0,SJF
5,6.4,2.4166091947189146,2.2,2.0396078054371136,3.0,1.2649110640673518,10,3,5,0,SJF
6,5.5,3.095695936834452,2.5,1.707825127659933,3.0,1.5275252316519468,10,1,5,0,SJF
4,4.25,2.165063509461097,2.0,1.8708286933869707,3.25,1.479019945774904,7,1,5,0,FCFS
8,6.0,2.8284271247461903,1.125,0.9270248108869579,2.875,1.5360257159305635,10,1,3,0,SJF
6,7.0,2.943920288775949,3.1666666666666665,1.3437096247164249,1.6666666666666667,0.7453559924999299,10,3,5,1,FCFS
8,6.0,3.9370039370059056,3.125,1.4523687548277813,3.375,1.4947825928876748,10,1,5,1,SJF
4,5.5,2.0615528128088303,1.5,1.5,3.0,0.7071067811865476,8,3,4,0,SJF
6,4.166666666666667,3.077697552103231,2.5,1.9790570145063195,2.8333333333333335,1.674979270186815,10,1,5,0,SJF
7,5.428571428571429,2.498979383505129,1.1428571428571428,1.355261854357877,2.857142857142857,1.2453996981544782,10,3,4,0,SJF
3,3.0,1.632993161855452,1.6666666666666667,1.699673171197595,3.0,0.816496580927726,5,1,4,0,FCFS
3,6.666666666666667,1.8856180831641267,2.0,1.4142135623730951,3.0,1.632993161855452,8,4,3,0,SJF
7,4.857142857142857,2.415933503612538,2.5714285714285716,1.5907898179514348,2.7142857142857144,1.0301575072754257,8,2,5,0,SJF
7,5.285714285714286,2.1189138534559038,2.857142857142857,1.6413036132965795,2.4285714285714284,1.2936264483053452,10,3,5,1,SJF
4,8.25,1.920286436967152,2.25,1.0897247358851685,3.0,0.7071067811865476,10,5,4,1,SJF
3,5.666666666666667,3.6817870057290873,3.0,1.632993161855452,4.333333333333333,0.4714045207910317,10,1,5,1,RR
8,5.0,2.29128784747792,2.125,1.2686114456365274,3.75,1.6393596310755,8,1,4,0,SJF
8,3.625,2.54644359843292,2.5,1.7320508075688772,2.5,0.8660254037844386,9,1,5,0,SJF
7,2.857142857142857,2.231499907401901,4.0,0.7559289460184544,3.7142857142857144,1.1605769149479943,8,1,5,3,SJF
7,4.0,2.7255405754769875,2.857142857142857,1.5518257844571737,3.4285714285714284,1.5907898179514348,10,1,5,0,SJF
6,4.0,1.632993161855452,2.0,1.632993161855452,2.6666666666666665,0.9428090415820634,6,1,5,0,SJF
4,6.25,3.2691742076555053,1.75,2.0463381929681126,3.0,1.5811388300841898,10,1,5,0,SJF
8,3.875,2.9341736485763756,3.375,2.057759704144291,3.375,1.7275343701356567,9,1,5,0,SJF
6,5.666666666666667,3.0912061651652345,1.8333333333333333,1.7716909687891083,3.5,1.2583057392117916,9,1,5,0,SJF
5,7.4,3.3823069050575527,2.6,1.624807680927192,3.4,1.2000000000000002,10,1,5,1,SJF
8,5.625,2.341874249399399,3.5,1.118033988749895,2.375,1.4086784586980805,10,3,5,2,SJF
3,4.0,3.559026084010437,2.0,2.160246899469287,2.3333333333333335,1.8856180831641267,9,1,5,0,FCFS
7,5.428571428571429,2.498979383505129,2.7142857142857144,1.577908716741037,3.2857142857142856,1.4846149779161806,10,1,5,1,SJF
4,6.75,3.418698582794336,2.5,1.6583123951777,3.5,1.5,10,2,4,0,SJF
5,4.8,2.785677655436824,1.2,1.4696938456699067,2.0,1.2649110640673518,8,1,4,0,SJF
4,5.25,3.031088913245535,3.25,1.0897247358851685,1.75,0.4330127018922193,9,1,5,2,SJF
4,4.5,2.8722813232690143,3.0,1.5811388300841898,2.5,1.6583123951777,9,1,5,1,FCFS
5,5.4,2.870540018881465,2.6,0.8,3.0,1.4142135623730951,10,2,4,2,SJF
6,5.666666666666667,3.299831645537222,2.3333333333333335,1.1055415967851334,3.0,0.5773502691896257,10,1,4,1,SJF
8,3.75,2.7726341266023544,2.625,1.653594569415369,2.625,1.5761900266148114,9,1,5,1,SJF
6,6.0,2.581988897471611,3.3333333333333335,1.4907119849998598,2.8333333333333335,1.3437096247164249,10,2,5,1,SJF
4,4.75,2.8613807855648994,3.25,1.299038105676658,2.25,1.299038105676658,8,1,5,2,SJF
3,3.0,1.632993161855452,1.6666666666666667,0.9428090415820634,2.3333333333333335,1.8856180831641267,5,1,3,1,FCFS
8,5.5,2.3979157616563596,2.875,1.4523687548277813,2.625,1.1110243021644486,8,2,5,1,SJF
8,3.875,2.368411915187052,2.0,1.3228756555322954,2.5,1.4142135623730951,8,1,4,0,SJF
6,6.333333333333333,2.748737083745107,1.5,1.707825127659933,3.5,1.2583057392117916,9,2,5,0,SJF
5,6.8,2.4,2.6,1.3564659966250536,3.8,1.16619037896906,10,4,5,1,SJF
3,4.666666666666667,3.2998316455372216,1.6666666666666667,1.247219128924647,2.0,0.816496580927726,9,1,3,0,FCFS
3,3.3333333333333335,1.8856180831641267,2.3333333333333335,1.8856180831641267,1.3333333333333333,0.4714045207910317,6,2,5,1,SJF
3,6.666666666666667,3.39934634239519,0.6666666666666666,0.4714045207910317,3.3333333333333335,1.699673171197595,10,2,1,0,RR
5,4.8,2.6381811916545836,2.4,0.8,2.2,1.6,9,1,3,1,SJF
4,6.0,3.24037034920393,2.0,0.7071067811865476,4.5,0.5,10,1,3,1,SJF
4,5.75,2.8613807855648994,2.0,1.4142135623730951,3.25,1.479019945774904,8,1,4,0,SJF
7,4.142857142857143,3.4817307448439827,2.2857142857142856,1.577908716741037,2.7142857142857144,1.5779087167410373,10,1,5,1,SJF
3,5.333333333333333,3.2998316455372216,2.3333333333333335,1.8856180831641267,4.333333333333333,0.9428090415820634,9,1,5,1,SJF
3,6.0,2.160246899469287,2.3333333333333335,0.4714045207910317,3.0,1.632993161855452,8,3,3,2,FCFS
3,2.3333333333333335,0.4714045207910317,2.6666666666666665,1.8856180831641267,2.6666666666666665,1.247219128924647,3,2,4,0,SJF
6,5.833333333333333,3.337497399083464,2.0,1.9148542155126762,2.6666666666666665,1.4907119849998598,10,1,5,0,SJF
4,5.5,2.29128784747792,3.75,0.82915619758885,3.25,1.479019945774904,8,2,5,3,SJF
3,4.666666666666667,2.494438257849294,2.6666666666666665,1.247219128924647,3.3333333333333335,1.699673171197595,8,2,4,1,SJF
4,7.0,1.5811388300841898,3.25,0.4330127018922193,2.75,1.479019945774904,9,5,4,3,SJF
4,5.0,2.1213203435596424,2.0,1.8708286933869707,2.0,0.7071067811865476,8,2,5,0,SJF
7,6.285714285714286,2.8642768079662027,1.8571428571428572,1.9587584572574412,2.5714285714285716,1.3997084244475304,10,2,5,0,SJF
4,6.0,3.6742346141747673,3.5,0.5,3.25,0.82915619758885,10,1,4,3,SJF
8,6.25,2.7726341266023544,2.375,1.79843682124227,3.0,1.0,10,2,5,0,SJF
3,8.333333333333334,1.699673171197595,2.6666666666666665,0.9428090415820634,3.3333333333333335,1.247219128924647,10,6,4,2,SJF
8,6.125,2.315032397181517,3.375,1.3169567191065923,3.375,1.3169567191065923,10,2,5,2,SJF
6,3.5,1.9790570145063195,1.6666666666666667,1.699673171197595,2.5,1.3844373104863459,6,1,4,0,SJF
5,6.4,2.65329983228432,3.6,0.4898979485566356,2.2,1.469693845669907,10,3,4,3,SJF
5,3.4,2.727636339397171,2.0,1.6733200530681511,3.2,1.6,8,1,4,0,SJF
8,5.25,2.8613807855648994,3.375,1.3169567191065923,2.875,1.5360257159305635,9,1,5,2,SJF
4,4.75,1.920286436967152,2.5,2.0615528128088303,2.75,1.479019945774904,7,2,5,0,SJF
6,3.5,1.9790570145063195,2.1666666666666665,1.674979270186815,2.3333333333333335,1.49071198499986,6,1,5,0,SJF
8,5.25,2.7726341266023544,1.5,1.118033988749895,2.875,0.9270248108869579,10,2,4,0,SJF
7,6.0,2.878491668515698,3.0,1.5118578920369088,2.5714285714285716,1.3997084244475304,10,2,5,1,SJF
3,6.0,2.160246899469287,4.666666666666667,0.4714045207910317,3.0,1.632993161855452,9,4,5,4,FCFS
6,5.0,2.8284271247461903,3.1666666666666665,1.8633899812498247,3.5,1.5,8,1,5,1,SJF
8,3.125,2.666341125962693,1.625,1.79843682124227,3.25,1.299038105676658,8,1,5,0,SJF
5,4.6,2.4166091947189146,2.2,1.7204650534085253,2.8,1.32664991614216,8,2,5,0,SJF
5,4.2,1.8330302779823362,3.4,1.624807680927192,3.8,1.6,6,1,5,1,SJF
4,6.5,2.29128784747792,2.0,2.1213203435596424,3.25,1.479019945774904,9,3,5,0,SJF
5,4.4,2.4979991993593593,1.4,1.2,3.4,1.3564659966250536,9,2,3,0,SJF
8,6.0,2.345207879911715,3.625,1.653594569415369,2.125,1.6909686573085854,9,2,5,0,SJF
4,5.75,2.947456530637899,2.75,1.299038105676658,2.75,1.0897247358851685,9,1,4,1,FCFS
8,5.875,2.027159342528357,2.625,1.7275343701356567,3.625,1.1110243021644486,8,2,5,1,SJF
6,7.5,2.565800719723442,2.6666666666666665,1.1055415967851334,2.6666666666666665,1.4907119849998598,10,4,4,1,SJF
6,4.666666666666667,1.8856180831641267,2.6666666666666665,1.247219128924647,3.5,1.5,8,2,5,1,SJF
8,4.375,2.7357585785299112,3.375,1.8666480653835098,3.25,1.7853571071357126,10,1,5,0,SJF
3,3.0,1.4142135623730951,2.0,0.816496580927726,3.0,1.4142135623730951,4,1,3,1,FCFS
8,6.125,3.2572035551988456,2.125,1.8328597873268975,3.5,1.118033988749895,10,1,5,0,SJF
4,9.25,0.82915619758885,2.25,1.299038105676658,2.75,1.479019945774904,10,8,4,1,FCFS
4,7.25,1.479019945774904,2.25,1.299038105676658,3.75,1.6393596310755,9,5,4,1,SJF
5,6.2,2.5612496949731396,3.4,1.3564659966250536,3.2,1.6,10,3,5,1,SJF
8,4.75,2.0463381929681126,2.875,1.899835519196333,3.5,0.8660254037844386,7,1,5,1,SJF
8,6.25,2.947456530637899,2.875,1.964529205687714,3.375,1.653594569415369,9,2,5,0,SJF
6,5.0,3.9157800414902435,2.1666666666666665,1.8633899812498247,3.3333333333333335,1.4907119849998596,10,1,4,0,SJF
6,4.333333333333333,2.8674417556808756,2.1666666666666665,1.5723301886761005,2.0,1.1547005383792515,10,2,5,0,SJF
5,6.6,1.019803902718557,1.8,1.9390719429665317,3.4,0.4898979485566356,8,5,5,0,SJF
4,4.25,2.947456530637899,1.25,0.82915619758885,4.0,1.224744871391589,9,1,2,0,SJF
6,5.833333333333333,2.1921577396609844,2.1666666666666665,1.9507833184532708,3.5,1.5,9,3,5,0,SJF
7,5.714285714285714,3.493434074467853,2.7142857142857144,1.3850513878332367,2.5714285714285716,1.6781914463529615,10,1,5,1,SJF
8,6.125,2.666341125962693,2.875,2.315032397181517,3.625,1.4086784586980805,9,1,5,0,SJF
7,4.571428571428571,2.381904571504724,2.0,1.927248223318863,3.5714285714285716,1.3997084244475304,8,2,5,0,SJF
6,6.333333333333333,2.68741924943285,3.3333333333333335,1.699673171197595,2.5,1.2583057392117916,9,1,5,0,SJF
5,7.2,2.7129319932501073,2.6,1.4966629547095767,3.2,1.16619037896906,10,3,5,1,SJF
6,5.0,2.516611478423583,1.6666666666666667,1.6996731711975948,3.0,1.1547005383792515,8,1,4,0,SJF
5,5.0,2.9664793948382653,2.2,1.8330302779823358,1.8,1.1661903789690602,10,1,4,0,FCFS
8,5.125,2.8476964374736293,2.875,1.6153559979150107,3.625,1.4086784586980805,9,2,5,0,SJF
6,6.333333333333333,2.0548046676563256,2.5,1.2583057392117916,3.6666666666666665,1.247219128924647,10,4,4,1,SJF
6,7.833333333333333,1.9507833184532708,3.3333333333333335,1.7950549357115013,3.8333333333333335,1.2133516482134197,10,5,5,0,SJF
8,6.0,3.0413812651491097,3.375,1.4947825928876748,3.5,1.4142135623730951,10,1,5,0,SJF
6,5.166666666666667,1.9507833184532708,2.1666666666666665,1.6749792701868151,3.3333333333333335,1.4907119849998598,8,3,4,0,SJF
3,7.0,1.4142135623730951,3.3333333333333335,0.4714045207910317,3.0,1.632993161855452,9,6,4,3,SJF
7,5.142857142857143,2.4743582965269675,2.2857142857142856,1.2777531299998799,3.142857142857143,1.2453996981544782,10,2,4,0,SJF
5,6.4,1.7435595774162693,2.0,1.4142135623730951,3.6,1.7435595774162693,9,4,4,0,SJF
8,5.5,3.0413812651491097,1.625,1.2183492931011204,2.875,1.6153559979150107,10,1,3,0,SJF
4,6.5,3.0413812651491097,2.0,2.1213203435596424,1.75,0.82915619758885,10,3,5,0,SJF
6,5.0,2.70801280154532,1.8333333333333333,1.950783318453271,3.5,1.2583057392117916,9,1,5,0,SJF
5,6.4,3.1999999999999997,4.2,0.7483314773547882,2.4,0.8,10,1,5,3,SJF
4,5.75,2.277608394786075,2.5,1.8027756377319946,2.5,1.5,8,2,5,0,SJF
4,5.5,2.958039891549808,2.0,1.8708286933869707,3.0,0.7071067811865476,10,2,5,0,SJF
7,7.428571428571429,3.2007652146297256,2.5714285714285716,1.178030178747903,3.2857142857142856,1.3850513878332367,10,2,5,1,SJF
6,6.666666666666667,2.560381915956203,2.3333333333333335,1.247219128924647,2.5,0.9574271077563381,10,3,4,0,SJF
6,4.5,2.9297326385411577,2.3333333333333335,1.699673171197595,2.3333333333333335,1.1055415967851332,10,1,5,0,SJF
5,5.8,1.9390719429665317,2.8,1.9390719429665317,2.8,1.469693845669907,8,3,5,0,SJF
7,5.714285714285714,3.325841921949376,1.8571428571428572,1.7261494247992248,2.7142857142857144,1.4846149779161804,10,1,4,0,SJF
3,4.666666666666667,3.0912061651652345,2.3333333333333335,2.0548046676563256,4.0,1.4142135623730951,9,2,5,0,RR
3,4.666666666666667,3.0912061651652345,4.0,1.4142135623730951,3.0,1.632993161855452,9,2,5,2,FCFS
5,5.8,3.4871191548325386,3.2,1.6,3.2,1.6,10,2,5,1,RR
4,5.0,3.082207001484488,1.75,1.299038105676658,2.5,0.8660254037844386,9,2,3,0,RR
3,8.0,1.632993161855452,4.0,0.0,3.3333333333333335,0.4714045207910317,10,6,4,4,SJF
8,5.25,2.817356917396161,3.5,0.8660254037844386,2.75,1.3919410907075054,9,1,5,2,SJF
3,5.666666666666667,3.299831645537222,4.666666666666667,0.4714045207910317,2.6666666666666665,0.4714045207910317,8,1,5,4,FCFS
7,6.142857142857143,3.136356914300021,2.857142857142857,1.8844151368961315,3.7142857142857144,1.0301575072754257,9,1,5,0,SJF
3,6.333333333333333,2.0548046676563256,3.6666666666666665,0.4714045207910317,3.0,1.632993161855452,9,4,4,3,FCFS
8,6.625,2.7357585785299112,3.25,1.5612494995995996,4.25,1.0897247358851685,10,2,5,0,SJF
6,5.166666666666667,3.531603350069515,2.3333333333333335,1.247219128924647,3.6666666666666665,1.247219128924647,10,1,4,0,SJF
7,3.7142857142857144,2.9137254363387344,2.5714285714285716,1.3997084244475304,2.4285714285714284,1.178030178747903,9,1,5,1,SJF
5,6.0,2.1908902300206643,2.8,1.16619037896906,3.6,1.2000000000000002,8,2,5,2,SJF
3,6.666666666666667,2.357022603955158,2.6666666666666665,1.8856180831641267,3.3333333333333335,1.699673171197595,10,5,4,0,FCFS
7,6.285714285714286,3.010186786529354,2.2857142857142856,1.665986255670086,3.142857142857143,0.8329931278350429,9,2,5,0,SJF
7,4.571428571428571,2.920721185751553,4.428571428571429,1.0497813183356477,2.857142857142857,1.2453996981544782,9,1,5,2,SJF
3,8.333333333333334,2.357022603955158,1.6666666666666667,1.699673171197595,3.3333333333333335,1.247219128924647,10,5,4,0,SJF
3,3.6666666666666665,1.699673171197595,2.3333333333333335,0.4714045207910317,2.6666666666666665,1.699673171197595,6,2,3,2,FCFS
4,5.75,1.920286436967152,2.5,0.5,2.75,1.7853571071357126,9,4,3,2,SJF
3,4.666666666666667,2.494438257849294,0.6666666666666666,0.4714045207910317,3.3333333333333335,0.4714045207910317,8,2,1,0,SJF
5,3.4,1.624807680927192,3.0,1.0954451150103321,2.6,1.4966629547095767,6,1,5,2,SJF
6,4.0,3.1091263510296048,4.166666666666667,0.6871842709362768,3.8333333333333335,1.674979270186815,10,1,5,3,SJF
7,6.571428571428571,2.4411439272335804,2.0,1.5118578920369088,2.7142857142857144,1.749635530559413,10,3,4,0,SJF
6,7.0,2.3804761428476167,2.6666666666666665,2.1343747458109497,2.5,1.3844373104863459,10,3,5,0,SJF
6,4.0,2.0816659994661326,2.0,1.8257418583505538,2.0,1.4142135623730951,7,1,5,0,SJF
4,3.5,1.118033988749895,2.0,1.224744871391589,3.5,1.5,5,2,4,1,SJF
5,4.2,2.4000000000000004,2.2,1.16619037896906,2.4,1.3564659966250536,7,1,3,0,SJF
3,5.666666666666667,1.247219128924647,2.3333333333333335,1.699673171197595,5.0,0.0,7,4,4,0,FCFS
8,7.375,1.996089927833914,2.5,1.8708286933869707,3.0,1.118033988749895,10,3,5,0,SJF
3,5.0,2.8284271247461903,1.6666666666666667,1.699673171197595,4.666666666666667,0.4714045207910317,7,1,4,0,FCFS
5,3.0,2.1908902300206643,2.0,1.6733200530681511,4.4,0.7999999999999999,7,1,4,0,FCFS
7,6.571428571428571,2.0603150145508513,2.5714285714285716,1.3997084244475304,2.5714285714285716,1.5907898179514348,9,3,5,1,SJF
8,5.75,2.222048604328897,2.75,1.3919410907075054,2.125,1.5360257159305635,9,2,5,1,SJF
8,7.375,2.057759704144291,3.0,1.5811388300841898,2.25,0.9682458365518543,10,4,5,1,SJF
5,6.2,2.4819347291981715,2.8,1.7204650534085253,3.4,1.624807680927192,10,3,5,0,SJF
4,4.25,1.479019945774904,2.0,1.0,4.75,0.4330127018922193,6,2,3,1,SJF
7,5.714285714285714,2.962348764761103,2.857142857142857,1.4568627181693672,3.5714285714285716,1.498298354528788,10,2,5,0,SJF
8,3.0,1.5,2.625,1.3169567191065923,2.875,1.3635890143294642,5,1,5,1,SJF
4,3.25,0.82915619758885,2.75,1.479019945774904,2.5,1.118033988749895,4,2,5,1,FCFS
3,8.0,2.8284271247461903,3.6666666666666665,1.247219128924647,1.3333333333333333,0.4714045207910317,10,4,5,2,FCFS
4,3.5,2.5,3.5,2.0615528128088303,3.0,1.5811388300841898,6,1,5,0,FCFS
3,4.666666666666667,0.9428090415820634,2.6666666666666665,2.0548046676563256,1.0,0.0,6,4,5,0,FCFS
3,6.0,2.943920288775949,3.0,1.4142135623730951,3.6666666666666665,1.8856180831641267,9,2,5,2,FCFS
8,6.375,2.341874249399399,1.625,1.7275343701356567,2.625,1.4947825928876748,10,4,4,0,SJF
7,5.571428571428571,2.258769757263128,3.0,1.6903085094570331,2.4285714285714284,1.178030178747903,9,1,5,0,SJF
7,7.0,1.6903085094570331,2.4285714285714284,1.2936264483053452,2.5714285714285716,1.178030178747903,10,5,5,1,SJF
6,4.166666666666667,2.9674156357941426,3.6666666666666665,1.3743685418725535,2.1666666666666665,0.6871842709362768,10,2,5,1,SJF
6,6.166666666666667,3.2360813064912666,2.6666666666666665,1.8856180831641267,3.6666666666666665,1.1055415967851334,10,2,5,0,SJF
4,4.5,2.8722813232690143,2.5,1.5,4.0,1.224744871391589,9,2,4,1,SJF
7,6.0,1.6903085094570331,3.142857142857143,1.6413036132965795,2.857142857142857,1.4568627181693672,8,3,5,0,SJF
7,5.857142857142857,2.294625486315573,3.7142857142857144,1.4846149779161804,3.857142857142857,1.5518257844571737,8,1,5,1,SJF
5,7.2,2.6381811916545836,2.4,1.8547236990991407,4.0,1.2649110640673518,10,3,5,0,FCFS
5,5.0,2.0976176963403033,2.6,1.7435595774162693,3.8,1.16619037896906,9,3,5,0,SJF
4,4.5,3.2015621187164243,2.25,1.920286436967152,3.75,1.0897247358851685,10,2,5,0,SJF
8,5.125,2.7585095613392387,1.625,1.7275343701356567,2.875,1.3635890143294642,9,1,5,0,SJF
7,5.142857142857143,2.4743582965269675,2.2857142857142856,1.3850513878332367,3.4285714285714284,1.3997084244475304,10,2,4,0,SJF
7,6.857142857142857,3.270149469217028,2.7142857142857144,1.8294640678379568,3.142857142857143,1.2453996981544782,10,1,5,0,SJF
7,5.714285714285714,3.1943828249996993,2.142857142857143,1.6413036132965795,2.4285714285714284,0.49487165930539345,10,1,5,0,SJF
3,8.0,1.632993161855452,3.0,1.4142135623730951,3.0,0.816496580927726,10,6,4,1,SJF
6,5.333333333333333,2.748737083745107,3.0,2.0816659994661326,3.1666666666666665,1.4624940645653537,9,2,5,0,SJF
6,4.5,2.692582403567252,2.6666666666666665,0.7453559924999299,2.8333333333333335,1.0671873729054748,8,1,4,2,SJF
4,5.5,2.958039891549808,3.5,1.6583123951777,3.0,1.224744871391589,9,1,5,1,SJF
3,4.333333333333333,4.0276819911981905,2.3333333333333335,2.0548046676563256,4.0,1.4142135623730951,10,1,5,0,FCFS
4,5.75,3.491060010942235,1.5,1.5,1.75,0.82915619758885,10,1,3,0,SJF
7,5.142857142857143,3.0904725218262765,2.857142857142857,1.124858267715973,2.2857142857142856,1.2777531299998797,10,1,5,2,SJF
7,6.428571428571429,3.2007652146297256,2.2857142857142856,1.9059520091609048,3.142857142857143,0.8329931278350428,10,2,5,0,SJF
7,3.2857142857142856,2.185294077254051,2.142857142857143,1.7261494247992246,2.5714285714285716,1.2936264483053452,8,1,4,0,SJF
5,4.2,2.3151673805580453,4.0,1.2649110640673518,3.6,1.4966629547095764,8,1,5,2,SJF
3,4.666666666666667,1.699673171197595,4.0,0.816496580927726,3.3333333333333335,1.699673171197595,7,3,5,3,FCFS
5,3.2,2.1354156504062622,2.2,1.16619037896906,3.6,1.3564659966250538,7,1,4,1,SJF
7,4.428571428571429,2.4411439272335804,2.2857142857142856,1.385051387833237,3.0,1.0690449676496976,8,1,4,0,SJF
8,5.375,2.9973947020704497,2.5,1.3228756555322954,3.25,1.5612494995995996,10,1,5,1,SJF
4,6.0,2.449489742783178,4.25,0.82915619758885,2.25,1.6393596310755,8,2,5,3,SJF
3,4.333333333333333,3.39934634239519,0.3333333333333333,0.4714045207910317,3.0,1.632993161855452,9,1,1,0,SJF
8,5.0,2.5495097567963922,2.0,1.5,3.625,1.2183492931011204,8,1,5,0,SJF
4,6.25,2.165063509461097,3.5,1.5,3.5,1.6583123951777,9,3,5,2,SJF
8,6.25,2.9895651857753496,2.5,1.8708286933869707,2.75,1.479019945774904,10,1,5,0,SJF
6,4.166666666666667,2.544056253745625,1.8333333333333333,1.0671873729054748,2.1666666666666665,1.0671873729054748,8,1,3,0,SJF
6,5.166666666666667,2.793842435706702,1.6666666666666667,0.9428090415820634,3.6666666666666665,1.1055415967851332,9,1,3,0,SJF
7,6.0,3.3380918415851206,3.142857142857143,1.355261854357877,3.7142857142857144,1.0301575072754257,10,2,5,2,SJF
7,5.571428571428571,1.6781914463529617,2.4285714285714284,2.0603150145508513,2.142857142857143,0.8329931278350429,9,4,5,0,SJF
3,8.333333333333334,0.9428090415820634,2.6666666666666665,0.9428090415820634,1.3333333333333333,0.4714045207910317,9,7,4,2,FCFS
4,5.25,1.479019945774904,1.75,0.82915619758885,3.5,1.118033988749895,7,3,3,1,SJF
6,6.166666666666667,3.0776975521032313,1.8333333333333333,2.034425935955617,4.0,1.0,10,2,5,0,SJF
7,3.4285714285714284,1.6781914463529615,2.2857142857142856,1.2777531299998797,3.0,1.4142135623730951,6,1,5,1,SJF
8,6.75,2.6339134382131846,2.5,1.7320508075688772,3.0,1.4142135623730951,9,1,5,0,SJF
3,6.666666666666667,3.39934634239519,3.6666666666666665,0.4714045207910317,4.0,0.816496580927726,10,2,4,3,SJF
3,5.0,3.559026084010437,0.6666666666666666,0.4714045207910317,2.3333333333333335,0.9428090415820634,10,2,1,0,SJF
4,5.5,2.692582403567252,1.75,1.479019945774904,4.25,0.82915619758885,9,2,4,0,FCFS
3,6.0,3.7416573867739413,2.0,1.4142135623730951,1.0,0.0,10,1,3,0,SJF
3,6.666666666666667,2.494438257849294,1.3333333333333333,1.247219128924647,3.6666666666666665,0.4714045207910317,10,4,3,0,FCFS
3,4.0,1.4142135623730951,4.0,0.816496580927726,2.3333333333333335,1.8856180831641267,5,2,5,3,SJF
7,6.285714285714286,2.2497165354319457,3.5714285714285716,1.049781318335648,2.7142857142857144,1.2777531299998799,9,2,5,2,SJF
5,3.8,2.6381811916545836,2.4,1.3564659966250538,3.4,1.019803902718557,8,1,5,1,SJF
7,7.0,1.8516401995451028,2.7142857142857144,1.749635530559413,3.0,1.4142135623730951,9,4,5,0,SJF
3,9.0,0.816496580927726,3.3333333333333335,1.247219128924647,2.6666666666666665,1.699673171197595,10,8,5,2,SJF
5,6.2,2.1354156504062622,3.0,1.6733200530681511,2.2,1.16619037896906,10,4,5,1,SJF
8,5.875,2.4717149916606487,2.75,1.299038105676658,3.375,1.4086784586980805,9,3,4,1,SJF
8,6.125,2.027159342528357,1.75,1.3919410907075054,2.875,1.5360257159305635,9,3,4,0,SJF
4,6.0,2.7386127875258306,4.25,0.82915619758885,2.5,1.5,9,2,5,3,SJF
3,3.3333333333333335,1.699673171197595,1.3333333333333333,1.247219128924647,3.0,1.4142135623730951,5,1,3,0,FCFS
3,4.666666666666667,1.699673171197595,2.6666666666666665,2.0548046676563256,4.333333333333333,0.9428090415820634,7,3,5,0,FCFS
3,2.3333333333333335,0.9428090415820634,2.0,1.632993161855452,4.0,0.816496580927726,3,1,4,0,FCFS
8,5.625,3.6721077053920954,2.25,1.3919410907075054,3.5,1.3228756555322954,10,1,5,1,SJF
7,2.7142857142857144,0.880630571852711,2.2857142857142856,2.1189138534559038,3.142857142857143,1.3552618543578767,4,1,5,0,SJF
6,2.8333333333333335,1.9507833184532706,3.6666666666666665,0.7453559924999298,3.0,1.1547005383792515,6,1,5,3,SJF
7,7.571428571428571,2.498979383505129,2.4285714285714284,1.761261143705422,3.857142857142857,1.124858267715973,10,3,5,0,SJF
5,4.6,2.8000000000000003,3.2,1.16619037896906,3.4,1.3564659966250538,10,2,4,1,SJF
7,7.142857142857143,2.294625486315573,2.2857142857142856,1.665986255670086,2.2857142857142856,1.3850513878332367,10,3,5,0,SJF
6,5.5,2.9297326385411577,3.0,1.2909944487358056,3.6666666666666665,1.1055415967851334,10,2,5,1,SJF
6,4.0,2.449489742783178,2.8333333333333335,1.9507833184532708,3.0,1.1547005383792515,8,1,5,0,SJF
3,8.666666666666666,1.247219128924647,1.0,1.4142135623730951,2.6666666666666665,1.247219128924647,10,7,3,0,SJF
5,5.8,1.9390719429665315,3.4,1.624807680927192,2.4,1.019803902718557,8,3,5,1,FCFS
5,5.4,2.65329983228432,3.2,1.8330302779823362,2.8,1.32664991614216,10,2,5,0,SJF
8,6.75,2.817356917396161,2.25,1.713913650100261,4.25,0.82915619758885,10,1,5,0,SJF
5,6.2,2.9933259094191533,1.8,1.6,3.2,0.7483314773547882,10,1,4,0,SJF
7,5.571428571428571,2.969229955832361,2.2857142857142856,1.8294640678379568,3.5714285714285716,1.2936264483053452,10,1,5,0,SJF
8,6.375,2.341874249399399,1.5,1.5811388300841898,3.375,1.1110243021644486,10,2,4,0,SJF
5,5.4,3.49857113690718,2.6,1.019803902718557,2.4,1.3564659966250538,10,1,4,1,SJF
4,5.5,2.692582403567252,3.5,1.6583123951777,4.0,0.7071067811865476,9,2,5,1,SJF
7,3.0,1.927248223318863,2.142857142857143,2.099562636671296,2.4285714285714284,1.178030178747903,7,1,5,0,SJF
4,6.25,3.344772040064913,3.75,1.6393596310755,3.25,1.7853571071357126,10,2,5,1,SJF
7,4.714285714285714,2.5475077857324298,2.5714285714285716,1.9166296949998198,3.7142857142857144,1.0301575072754257,9,1,5,0,SJF
3,4.333333333333333,4.0276819911981905,3.0,1.4142135623730951,3.3333333333333335,0.9428090415820634,10,1,4,1,FCFS
6,4.666666666666667,2.0548046676563256,1.8333333333333333,2.0344259359556176,3.5,1.2583057392117916,9,3,5,0,SJF
4,3.5,1.5,1.5,1.118033988749895,3.0,1.5811388300841898,5,1,3,0,SJF
7,3.7142857142857144,2.3733211036908783,2.7142857142857144,1.5779087167410373,2.857142857142857,1.2453996981544782,7,1,5,1,SJF
3,5.0,2.943920288775949,4.0,0.816496580927726,1.6666666666666667,0.9428090415820634,8,1,5,3,SJF
4,7.75,2.8613807855648994,2.25,1.479019945774904,2.75,1.479019945774904,10,3,4,0,SJF
6,5.833333333333333,2.733536577809454,2.6666666666666665,2.0548046676563256,4.0,1.1547005383792515,10,2,5,0,SJF
7,2.857142857142857,1.1248582677159729,2.142857142857143,2.099562636671296,4.0,0.5345224838248488,5,2,5,0,SJF
4,8.75,1.0897247358851685,1.5,1.5,3.5,1.6583123951777,10,7,4,0,FCFS
3,6.333333333333333,1.247219128924647,2.3333333333333335,0.4714045207910317,3.0,0.0,8,5,3,2,SJF
4,7.0,2.23606797749979,2.75,1.920286436967152,2.5,1.6583123951777,10,4,5,0,SJF
5,6.2,2.7856776554368237,1.2,1.4696938456699067,2.0,0.8944271909999159,9,2,4,0,SJF
3,5.333333333333333,3.39934634239519,2.6666666666666665,2.0548046676563256,3.0,1.632993161855452,10,2,5,0,RR
8,5.75,3.072051431861127,3.375,1.5761900266148114,3.0,1.4142135623730951,10,1,5,1,SJF
3,4.0,2.160246899469287,4.666666666666667,0.4714045207910317,3.0,1.632993161855452,7,2,5,4,RR
6,4.333333333333333,1.8856180831641267,3.1666666666666665,1.7716909687891083,2.8333333333333335,0.8975274678557507,7,2,5,0,SJF
3,4.333333333333333,2.357022603955158,2.6666666666666665,1.699673171197595,3.0,0.816496580927726,6,1,5,1,FCFS
4,7.25,1.479019945774904,2.75,1.7853571071357126,2.75,1.479019945774904,9,5,5,1,SJF
6,4.333333333333333,2.9814239699997196,2.5,1.5,3.0,1.1547005383792515,10,1,5,0,SJF
5,4.6,2.870540018881465,3.2,0.7483314773547882,4.4,0.8,9,2,4,2,RR
7,5.714285714285714,2.962348764761103,3.4285714285714284,1.178030178747903,3.142857142857143,0.989743318610787,10,1,5,2,SJF
4,7.25,1.920286436967152,2.75,1.920286436967152,3.0,2.0,9,4,5,0,FCFS
6,6.333333333333333,1.699673171197595,2.0,2.160246899469287,3.5,1.2583057392117916,9,4,5,0,SJF
4,4.5,2.958039891549808,3.25,1.7853571071357126,3.5,1.118033988749895,9,1,5,1,SJF
4,6.5,2.29128784747792,3.25,1.7853571071357126,2.0,1.7320508075688772,9,3,5,1,SJF
4,5.75,2.165063509461097,1.25,1.0897247358851685,1.5,0.5,9,3,3,0,SJF
6,4.833333333333333,2.3392781412697,1.0,1.5275252316519468,3.0,1.5275252316519468,7,1,4,0,SJF
8,6.125,3.179524335494226,2.375,1.3169567191065923,2.875,1.2686114456365274,10,1,5,0,SJF
5,6.8,1.9390719429665317,3.2,1.8330302779823358,2.8,1.16619037896906,9,4,5,1,SJF
5,7.0,3.286335345030997,2.0,1.2649110640673518,2.6,1.3564659966250538,10,3,3,0,FCFS
3,4.0,2.943920288775949,2.6666666666666665,1.247219128924647,3.6666666666666665,1.8856180831641267,8,1,4,1,FCFS
7,4.857142857142857,2.356060357495806,2.7142857142857144,1.9059520091609048,3.5714285714285716,1.498298354528788,9,2,5,0,SJF
7,5.571428571428571,2.871393034605969,1.8571428571428572,1.8070158058105026,3.5714285714285716,1.178030178747903,10,1,5,0,SJF
7,5.142857142857143,2.356060357495806,2.857142857142857,1.355261854357877,3.5714285714285716,1.3997084244475304,9,3,5,1,SJF
4,5.25,2.947456530637899,2.5,1.5,3.25,1.479019945774904,8,1,4,1,FCFS
3,3.3333333333333335,2.6246692913372702,3.6666666666666665,0.9428090415820634,2.6666666666666665,0.4714045207910317,7,1,5,3,SJF
6,4.833333333333333,2.7938424357067015,2.6666666666666665,1.699673171197595,1.6666666666666667,0.4714045207910317,10,2,5,0,SJF
3,5.666666666666667,3.2998316455372216,2.0,1.4142135623730951,1.3333333333333333,0.4714045207910317,10,2,4,1,FCFS
5,4.8,2.7129319932501073,2.2,1.6,3.2,0.7483314773547882,9,1,4,0,SJF
7,4.857142857142857,3.5225222874108435,2.4285714285714284,1.9166296949998196,2.4285714285714284,1.6781914463529615,10,1,5,0,SJF
7,7.142857142857143,2.849991049037143,1.7142857142857142,1.2777531299998797,2.857142857142857,0.9897433186107869,10,1,4,0,SJF
4,6.75,3.491060010942235,2.25,0.82915619758885,1.75,0.82915619758885,10,1,3,1,SJF
4,8.25,0.82915619758885,4.0,0.0,3.25,1.479019945774904,9,7,4,4,SJF
4,5.25,2.165063509461097,1.5,1.118033988749895,3.25,1.479019945774904,8,2,3,0,SJF
3,5.0,1.632993161855452,3.0,1.4142135623730951,3.6666666666666665,0.9428090415820634,7,3,4,1,FCFS
5,6.6,0.7999999999999999,1.4,1.8547236990991407,3.4,1.624807680927192,8,6,5,0,SJF
8,6.625,2.6896793489187516,2.5,1.5,2.125,1.4523687548277813,10,3,5,0,SJF
7,3.5714285714285716,2.610809554642438,2.0,1.927248223318863,3.142857142857143,1.4568627181693672,9,1,5,0,SJF
5,6.2,2.4819347291981715,1.8,1.32664991614216,2.4,1.3564659966250536,9,3,4,0,SJF
8,4.625,1.5761900266148114,1.625,1.4086784586980805,3.25,1.3919410907075054,6,1,5,0,SJF
3,5.333333333333333,1.699673171197595,3.0,1.4142135623730951,2.0,0.816496580927726,7,3,5,2,SJF
4,5.75,3.766629793329841,1.25,1.0897247358851685,2.0,1.224744871391589,10,2,3,0,FCFS
5,4.0,2.0976176963403033,2.0,1.7888543819998317,2.8,1.469693845669907,6,1,5,0,SJF
5,6.4,1.9595917942265424,3.4,2.0591260281974,3.2,0.7483314773547882,9,3,5,0,SJF
3,4.0,2.160246899469287,2.3333333333333335,1.247219128924647,4.0,1.4142135623730951,7,2,4,1,FCFS
3,7.333333333333333,1.699673171197595,3.6666666666666665,1.8856180831641267,2.6666666666666665,1.699673171197595,9,5,5,1,SJF
8,3.5,2.0615528128088303,1.375,1.5761900266148114,2.875,1.3635890143294642,7,1,5,0,SJF
7,7.428571428571429,1.761261143705422,2.2857142857142856,1.5779087167410373,2.7142857142857144,1.577908716741037,10,5,5,0,SJF
6,6.333333333333333,2.560381915956203,2.6666666666666665,1.7950549357115013,4.5,0.7637626158259734,9,1,5,0,SJF
3,5.333333333333333,0.9428090415820634,2.6666666666666665,1.247219128924647,2.3333333333333335,1.247219128924647,6,4,4,1,FCFS
7,6.571428571428571,2.5555062599997593,2.4285714285714284,1.761261143705422,3.5714285714285716,1.2936264483053452,10,3,5,0,SJF
3,6.0,1.4142135623730951,2.0,0.816496580927726,2.3333333333333335,0.9428090415820634,8,5,3,1,SJF
6,6.5,3.640054944640259,2.1666666666666665,2.1147629234082532,3.1666666666666665,1.2133516482134197,10,2,5,0,SJF
3,5.666666666666667,1.8856180831641267,2.3333333333333335,1.247219128924647,1.3333333333333333,0.4714045207910317,7,3,4,1,FCFS
3,2.6666666666666665,0.4714045207910317,1.6666666666666667,2.357022603955158,2.0,1.4142135623730951,3,2,5,0,FCFS
3,4.333333333333333,0.4714045207910317,2.6666666666666665,1.699673171197595,3.0,1.4142135623730951,5,4,5,1,FCFS
4,3.75,0.82915619758885,1.25,0.82915619758885,3.75,0.82915619758885,5,3,2,0,SJF
8,7.875,2.5708704751503917,2.375,1.653594569415369,3.25,0.82915619758885,10,2,5,0,SJF
4,4.5,2.692582403567252,1.5,1.6583123951777,3.25,1.479019945774904,8,1,4,0,SJF
8,4.75,3.112474899497183,2.0,1.4142135623730951,3.875,1.4523687548277813,10,1,4,0,SJF
5,7.8,2.5612496949731396,3.4,1.3564659966250538,1.4,0.8000000000000002,10,3,5,2,SJF
5,4.8,2.227105745132009,3.6,1.7435595774162693,3.8,0.7483314773547882,7,1,5,1,SJF
3,5.0,2.943920288775949,2.3333333333333335,1.699673171197595,1.0,0.0,9,2,4,0,FCFS
4,7.5,2.0615528128088303,2.25,0.82915619758885,3.0,1.0,10,5,3,1,SJF
3,7.333333333333333,1.699673171197595,2.3333333333333335,1.699673171197595,2.3333333333333335,0.9428090415820634,9,5,4,0,FCFS
3,6.0,2.943920288775949,2.3333333333333335,1.699673171197595,3.3333333333333335,1.247219128924647,9,2,4,0,FCFS
4,3.75,3.6996621467371855,3.0,1.4142135623730951,3.25,1.479019945774904,10,1,5,1,SJF
8,5.125,2.9341736485763756,3.875,1.165922381636102,2.625,1.5761900266148114,10,1,5,2,SJF
4,5.25,3.2691742076555053,3.25,2.0463381929681126,3.75,1.0897247358851685,10,1,5,0,FCFS
7,6.428571428571429,2.969229955832361,1.7142857142857142,1.9059520091609046,3.7142857142857144,1.0301575072754257,10,1,5,0,SJF
7,5.0,2.7774602993176543,4.0,0.9258200997725514,1.7142857142857142,0.880630571852711,9,2,5,3,SJF
8,3.75,2.680951323690902,2.375,1.79843682124227,2.875,1.165922381636102,8,1,5,0,SJF
4,6.25,2.277608394786075,1.75,0.82915619758885,2.25,0.82915619758885,10,4,3,1,SJF
5,5.8,2.6381811916545836,1.4,1.4966629547095764,2.2,0.9797958971132712,9,1,4,0,SJF
5,2.4,1.4966629547095764,2.8,0.7483314773547882,2.6,1.3564659966250536,5,1,4,2,SJF
4,3.5,1.5,1.75,1.299038105676658,3.5,0.8660254037844386,5,1,4,1,SJF
7,6.285714285714286,2.249716535431946,2.2857142857142856,1.749635530559413,3.4285714285714284,1.3997084244475304,9,3,5,1,SJF
6,4.833333333333333,2.544056253745625,3.8333333333333335,1.2133516482134197,2.6666666666666665,1.699673171197595,9,1,5,2,SJF
4,4.0,2.5495097567963922,3.25,1.920286436967152,3.75,1.0897247358851685,8,1,5,0,SJF
4,6.25,1.7853571071357126,2.25,1.479019945774904,3.0,1.5811388300841898,9,4,4,0,SJF
8,4.375,2.394655507583502,1.75,1.299038105676658,3.0,1.5811388300841898,10,2,4,0,SJF
7,5.571428571428571,2.610809554642438,2.0,1.8516401995451028,4.0,1.3093073414159542,9,2,5,0,SJF
7,6.714285714285714,2.1852940772540506,3.4285714285714284,1.049781318335648,2.857142857142857,1.2453996981544782,10,4,5,2,SJF
7,3.4285714285714284,2.194613070819602,1.2857142857142858,1.0301575072754257,2.2857142857142856,0.880630571852711,8,1,3,0,SJF
7,4.571428571428571,1.9166296949998198,2.142857142857143,1.124858267715973,3.4285714285714284,0.7284313590846836,8,2,3,0,SJF
5,6.8,2.4,2.8,1.6,2.2,1.16619037896906,9,3,5,1,SJF
5,4.2,2.6381811916545836,1.6,1.8547236990991407,2.2,0.7483314773547882,9,1,5,0,SJF
6,6.166666666666667,3.2360813064912666,1.6666666666666667,1.4907119849998596,2.8333333333333335,1.462494064565354,10,1,4,0,SJF
8,6.375,1.7275343701356567,2.75,1.984313483298443,3.625,1.5761900266148114,9,3,5,0,SJF
3,7.333333333333333,3.0912061651652345,0.6666666666666666,0.9428090415820634,2.6666666666666665,1.699673171197595,10,3,2,0,SJF
8,5.5,3.3541019662496847,3.25,1.1989578808281798,3.75,1.1989578808281798,10,2,5,1,SJF
4,4.0,1.224744871391589,2.25,0.82915619758885,3.25,1.299038105676658,5,2,3,1,SJF
4,7.75,2.8613807855648994,3.25,0.82915619758885,3.25,1.479019945774904,10,3,4,2,FCFS
3,4.0,2.160246899469287,1.3333333333333333,0.9428090415820634,3.0,0.0,7,2,2,0,FCFS
8,5.125,2.8476964374736293,2.5,2.1213203435596424,3.25,1.6393596310755,10,2,5,0,SJF
5,4.8,1.469693845669907,1.6,1.2000000000000002,2.4,1.4966629547095764,7,3,3,0,SJF
3,4.333333333333333,4.0276819911981905,3.3333333333333335,1.247219128924647,3.0,1.4142135623730951,10,1,5,2,RR
5,5.0,1.4142135623730951,2.8,1.16619037896906,2.8,0.7483314773547882,7,3,4,1,SJF
8,4.75,2.537222891273055,2.5,1.8708286933869707,4.0,1.224744871391589,8,1,5,0,SJF
7,5.428571428571429,3.6589281356759136,2.5714285714285716,1.9166296949998198,3.0,1.4142135623730951,10,1,5,0,SJF
5,5.4,3.7735924528226414,1.4,1.4966629547095764,3.0,1.0954451150103321,10,2,4,0,SJF
5,5.0,0.8944271909999159,2.0,1.7888543819998317,3.2,1.469693845669907,6,4,5,0,SJF
4,3.5,0.8660254037844386,1.75,2.0463381929681126,3.5,1.6583123951777,4,2,5,0,FCFS
6,6.0,1.4142135623730951,2.1666666666666665,1.5723301886761007,2.3333333333333335,0.9428090415820634,7,3,5,0,SJF
7,4.285714285714286,2.1852940772540506,2.142857142857143,1.4568627181693672,2.5714285714285716,1.6781914463529615,7,2,4,0,SJF
3,4.666666666666667,2.6246692913372702,0.3333333333333333,0.4714045207910317,3.6666666666666665,0.4714045207910317,7,1,1,0,SJF
4,3.75,2.5860201081971503,1.0,0.7071067811865476,4.5,0.5,8,1,2,0,FCFS
7,5.714285714285714,2.1852940772540506,3.4285714285714284,1.3997084244475304,2.4285714285714284,1.049781318335648,8,2,5,1,SJF
5,4.4,2.5768197453450252,1.4,1.7435595774162693,2.6,1.624807680927192,8,1,4,0,SJF
5,5.8,1.469693845669907,2.0,1.2649110640673518,2.4,1.4966629547095764,8,4,4,1,SJF
3,4.0,1.632993161855452,4.0,1.4142135623730951,1.6666666666666667,0.4714045207910317,6,2,5,2,SJF
3,7.333333333333333,3.7712361663282534,3.3333333333333335,1.247219128924647,3.0,1.4142135623730951,10,2,5,2,FCFS
7,6.0,2.7255405754769875,3.5714285714285716,1.6781914463529615,2.857142857142857,1.8844151368961313,10,3,5,1,SJF
6,6.0,3.4641016151377544,2.6666666666666665,1.7950549357115015,2.3333333333333335,1.5986105077709065,10,1,5,1,SJF
7,6.428571428571429,2.498979383505129,2.4285714285714284,1.498298354528788,2.4285714285714284,1.3997084244475304,10,3,5,0,SJF
6,6.0,2.8284271247461903,1.1666666666666667,0.8975274678557508,2.8333333333333335,1.0671873729054748,10,2,2,0,SJF
7,5.285714285714286,2.602981022612657,3.4285714285714284,1.049781318335648,2.857142857142857,1.355261854357877,10,3,5,2,SJF
4,4.25,2.277608394786075,3.5,2.0615528128088303,3.25,1.299038105676658,8,2,5,0,SJF
6,7.0,2.70801280154532,2.6666666666666665,1.4907119849998598,2.8333333333333335,1.3437096247164249,10,2,5,1,SJF
6,4.666666666666667,2.6246692913372702,1.8333333333333333,1.950783318453271,2.3333333333333335,1.3743685418725535,9,1,5,0,SJF
3,4.0,1.4142135623730951,4.666666666666667,0.4714045207910317,2.3333333333333335,0.4714045207910317,5,2,5,4,FCFS
8,5.125,1.6153559979150107,2.0,1.6583123951777,3.375,1.4947825928876748,7,2,5,0,SJF
5,7.6,1.4966629547095764,0.8,0.7483314773547883,3.6,1.2000000000000002,9,5,2,0,SJF
7,5.142857142857143,2.531435020952764,2.4285714285714284,1.7612611437054218,2.5714285714285716,1.3997084244475304,8,2,5,0,SJF
7,7.571428571428571,1.6781914463529615,2.0,1.927248223318863,2.0,0.5345224838248488,10,5,5,0,SJF
4,5.25,3.112474899497183,2.5,1.8027756377319946,3.5,1.118033988749895,10,2,5,0,SJF
5,5.4,1.624807680927192,4.2,0.9797958971132712,3.0,0.8944271909999159,7,3,5,3,SJF
3,6.0,3.265986323710904,2.6666666666666665,1.699673171197595,4.333333333333333,0.9428090415820634,10,2,5,1,SJF
3,5.666666666666667,2.494438257849294,0.3333333333333333,0.4714045207910317,2.6666666666666665,0.4714045207910317,9,3,1,0,SJF
5,4.8,2.3151673805580453,2.0,1.4142135623730951,2.4,1.4966629547095764,8,1,4,0,SJF
6,5.833333333333333,2.608745973749755,2.3333333333333335,1.9720265943665387,3.1666666666666665,1.3437096247164249,9,1,5,0,SJF
5,3.2,2.9257477676655586,2.8,1.4696938456699071,2.6,1.019803902718557,9,1,4,0,RR
6,8.0,1.5275252316519468,3.0,1.7320508075688772,2.6666666666666665,1.247219128924647,10,6,5,0,SJF
6,5.833333333333333,1.0671873729054748,2.8333333333333335,1.5723301886761005,3.1666666666666665,1.0671873729054748,7,4,5,0,SJF
7,4.857142857142857,1.8070158058105026,1.7142857142857142,1.577908716741037,2.857142857142857,1.6413036132965795,8,3,5,0,SJF
6,5.0,3.3166247903554,2.1666666666666665,1.5723301886761007,3.1666666666666665,1.8633899812498247,10,1,5,0,SJF
6,8.166666666666666,2.1147629234082532,2.6666666666666665,1.1055415967851332,3.1666666666666665,1.3437096247164249,10,4,4,1,SJF
3,6.666666666666667,2.8674417556808756,2.3333333333333335,1.699673171197595,4.333333333333333,0.4714045207910317,10,3,4,0,FCFS
8,6.0,1.6583123951777,3.125,1.2686114456365274,3.0,1.5,8,3,4,0,SJF
5,6.2,2.3151673805580453,3.0,0.6324555320336759,1.8,1.1661903789690602,10,3,4,2,SJF
4,4.75,2.48746859276655,2.0,0.7071067811865476,3.25,0.4330127018922193,8,1,3,1,SJF
5,5.2,2.5612496949731396,2.4,2.0591260281974,3.0,1.4142135623730951,9,1,5,0,SJF
8,6.5,2.7838821814150108,3.125,1.6153559979150107,3.375,1.1110243021644486,10,3,5,0,SJF
